0,inferred_paperdyne11,starts Program Comitee Chair organises Conference started By finishes organised finished,[starts [P]] [Program Comitee Chair [C]] [organises [P]] [Conference [C]] [started By [P]] [finishes [P]] [organised By [P]] [finished By [P]] 
1,inferred_paperdyne8,assigned By views covered coauthors With covers has Conflict Type judges contains assigns proposes member Of speaks Members manages organised submitted relates is In submits spoken organises conflict Viewed block Assigning To Reviewer visible created cooperates creates managed proposed,[assigned By [P]] [views [P]] [covered By [P]] [coauthors With [P]] [covers [P]] [has Conflict Type [P]] [judges [P]] [contains [P]] [assigns [P]] [proposes [P]] [member Of [P]] [speaks [P]] [has Members [P]] [manages [P]] [organised By [P]] [submitted By [P]] [relates [P]] [is In Conflict With [P]] [submits [P]] [spoken By [P]] [organises [P]] [conflict Viewed By [P]] [block Assigning To Reviewer [P]] [visible By [P]] [created By [P]] [cooperates [P]] [creates [P]] [managed By [P]] [proposed By [P]] 
2,inferred_paperdyne20,Program Comitee Chair Conflict Of Interest views managed By Rules manages visible,[Program Comitee Chair [C]] [Conflict Of Interest [C]] [views [P]] [managed By [P]] [Conflict Rules [C]] [manages [P]] [visible By [P]] 
3,inferred_paperdyne14,Author Paper Proposed Conflict block Assigning To Reviewer visible By conflict,[Author [C]] [Paper [C]] [Proposed Conflict [C]] [block Assigning To Reviewer [P]] [visible By [P]] [conflict Proposed By [P]] 
4,inferred_paperdyne10,Program Comitee Chair discusses Paper member Of Reviewer has Members head discussed By,[Program Comitee Chair [C]] [discusses [P]] [Paper [C]] [Program Comitee [C]] [member Of [P]] [Reviewer [C]] [has Members [P]] [head Of [P]] [discussed By [P]] 
5,inferred_paperdyne9,Program Comitee Chair accepts assigned Paper By accepted Reviewer rejected assigns To Review,[Program Comitee Chair [C]] [accepts [P]] [assigned Paper By [P]] [Paper [C]] [accepted By [P]] [Reviewer [C]] [rejected By [P]] [assigns Paper [P]] [assigned To Review By [P]] [assigns To Review [P]] 
6,inferred_paperdyne21,has Name Conference Acronym Email Person,[has Name [P]] [Conference [C]] [has Acronym [P]] [has Email [P]] [Person [C]] 
7,inferred_paperdyne15,proposes views Main Author Proposed Conflict proposed By,[proposes [P]] [views [P]] [Main Author [C]] [Proposed Conflict [C]] [proposed By [P]] 
8,inferred_paperdyne13,Program Comitee Chair switches Phase Of Conference Preparation,[Program Comitee Chair [C]] [switches [P]] [Phase Of Conference Preparation [C]] 
9,inferred_paperdyne16,Main Author Co- coauthors With,[Main Author [C]] [Co- Author [C]] [coauthors With [P]] 
10,inferred_paperdyne12,proposed By Hidden Conflict Program Comitee Chair,[proposed By [P]] [Hidden Conflict [C]] [Program Comitee Chair [C]] 
11,inferred_paperdyne17,Contribution File Author submits Main submitted By,[Contribution File [C]] [Author [C]] [submits [P]] [Main Author [C]] [submitted By [P]] 
12,inferred_paperdyne7,Self Conflict Paper block Assigning To Reviewer,[Self Conflict [C]] [Paper [C]] [block Assigning To Reviewer [P]] 
13,inferred_paperdyne2,Program Comitee Chair rejects Paper reviews Reviewer bids For is In Conflict With,[Program Comitee Chair [C]] [rejects [P]] [Paper [C]] [reviews [P]] [Reviewer [C]] [bids For [P]] [is In Conflict With [P]] 
14,inferred_paperdyne6,Speaker spoken By Paper speaks,[Speaker [C]] [spoken By [P]] [Paper [C]] [speaks [P]] 
15,inferred_paperdyne3,Review submits Paper Reviewer reviewed By is In Conflict With,[Review [C]] [submits [P]] [Paper [C]] [Reviewer [C]] [reviewed By [P]] [is In Conflict With [P]] 
16,inferred_paperdyne5,refused By confirmes refuses Paper confirmed visible Reviewer block Assigning To Pending Proposed Conflict,[refused By [P]] [confirmes [P]] [refuses [P]] [Paper [C]] [confirmed By [P]] [visible By [P]] [Reviewer [C]] [block Assigning To Reviewer [P]] [Pending Proposed Conflict [C]] 
17,inferred_paperdyne19,Discussion Program Comitee Chair takes Place Location Meeting organises Conference contains,[Discussion [C]] [Program Comitee Chair [C]] [takes Place [P]] [Location [C]] [Program Comitee Meeting [C]] [organises [P]] [Conference [C]] [contains [P]] 
18,inferred_paperdyne4,Review creates Paper Reviewer judges created By,[Review [C]] [creates [P]] [Paper [C]] [Reviewer [C]] [judges [P]] [created By [P]] 
19,inferred_paperdyne1,Paper Confirmed Conflict Reviewer block Assigning To visible By relates,[Paper [C]] [Confirmed Conflict [C]] [Reviewer [C]] [block Assigning To Reviewer [P]] [visible By [P]] [relates [P]] 
20,inferred_paperdyne18,Author creates changed By covered covers Paper speaks Conference Contribution Topic focuses On changes created,[Author [C]] [creates [P]] [changed By [P]] [covered By [P]] [covers [P]] [Paper [C]] [speaks [P]] [Conference [C]] [Contribution [C]] [Topic [C]] [focuses On [P]] [changes [P]] [created By [P]] 
21,inferred_OpenConf7,Contact Author Alternate Email has been sent by Submitted Paper,[Contact Author [C]] [Alternate Email [P]] [has been sent by [P]] [Submitted Paper [C]] 
22,inferred_OpenConf2,Comments for Program Committee Paper Review Author,[Comments for Program Committee [P]] [Paper Review [C]] [Comments for Author [P]] 
23,inferred_OpenConf6,Paper Review Reccommendation has,[Paper Review [C]] [Reccommendation [C]] [has Reccommendation [P]] 
24,inferred_OpenConf3,Review made by User Name Paper Reviewer has review,[Review made by [P]] [User Name [P]] [Paper Review [C]] [Reviewer [C]] [has made review [P]] 
25,inferred_OpenConf5,Paper Review has Categorization,[Paper Review [C]] [has Categorization [P]] [Paper Categorization [C]] 
26,inferred_OpenConf18,will advocate to by Advocated Paper Advocate,[will advocate [P]] [to advocate by [P]] [Advocated Paper [C]] [Advocate [C]] 
27,inferred_OpenConf4,has Overall Paper Review Value,[has Overall [P]] [Paper Review [C]] [Overall Value [C]] 
28,inferred_OpenConf1,Long bool Paper Review is Candidate for Award appropriate length,[Long bool [C]] [Paper Review [C]] [is Candidate for Award [P]] [appropriate length [P]] 
29,inferred_OpenConf8,Contact Author has sent Submitted Paper,[Contact Author [C]] [has sent [P]] [Submitted Paper [C]] 
30,inferred_OpenConf15,Title Paper Keywords,[Title [P]] [Paper [C]] [Keywords [P]] 
31,inferred_OpenConf10,is Type Format Paper File,[is Type [P]] [Format [C]] [Paper File [C]] 
32,inferred_OpenConf9,is stored in Paper File Submitted,[is stored in [P]] [Paper File [C]] [Submitted Paper [C]] 
33,inferred_OpenConf14,is written by Author writes Paper,[is written by [P]] [Author [C]] [writes Paper [P]] [Paper [C]] 
34,inferred_OpenConf11,Paper Id Submitted,[Paper Id [P]] [Submitted Paper [C]] 
35,inferred_OpenConf17,Program chair Conference made by planned papers Planed Paper is in program,[Program chair [C]] [Conference Program [C]] [Program made by [P]] [planned papers [P]] [Planed Paper [C]] [is planned in [P]] [made program [P]] 
36,inferred_OpenConf12,Surname Country E-mail Name People Organisation,[Surname [P]] [Country [P]] [E-mail [P]] [Name [P]] [People [C]] [Organisation [P]] 
37,inferred_OpenConf16,Students Paper,[Students [P]] [Paper [C]] 
38,inferred_OpenConf13,Web address Member,[Web address [P]] [Member [C]] 
39,inferred_Cocus-23,added by add Person,[added by [P]] [add [P]] [Person [C]] 
40,inferred_Cocus-26,Person used by Template,[Person [C]] [used by [P]] [Template [C]] 
41,inferred_Cocus-22,Account registred by Person register,[Account [C]] [registred by [P]] [Person [C]] [register [P]] 
42,inferred_Cocus-27,get Person Inforamtion,[get [P]] [Person [C]] [Inforamtion [C]] 
43,inferred_Cocus-21,send sent by Activity Person,[send [P]] [sent by [P]] [Activity [C]] [Person [C]] 
44,inferred_Cocus-24,Person modified by Detail,[Person [C]] [modified by [P]] [Detail [C]] 
45,inferred_Cocus-219,Administrator Role assign assigned by,[Administrator [C]] [Role [C]] [assign [P]] [assigned by [P]] 
46,inferred_Cocus-25,Person recieved by Email,[Person [C]] [recieved by [P]] [Email [C]] 
47,inferred_Cocus-218,execute Event Approval Email Administrator has result,[execute [P]] [Event Approval [C]] [Approval Email [C]] [Administrator [C]] [has result [P]] 
48,inferred_Cocus-211,Event Tracks conists of,[Event Tracks [C]] [Event [C]] [conists of [P]] 
49,inferred_Cocus-220,add remove Author,[add [P]] [remove [P]] [Author [C]] 
50,inferred_Cocus-214,User recieved by submited submit Document,[User [C]] [recieved by [P]] [submited by [P]] [submit [P]] [Document [C]] 
51,inferred_Cocus-29,Event Approval Email confirmed by confirm,[Event [C]] [Approval Email [C]] [confirmed by [P]] [confirm [P]] 
52,inferred_Cocus-210,Event define defined by Setup,[Event [C]] [define [P]] [defined by [P]] [Event Setup [C]] 
53,inferred_Cocus-221,execute Event Creation has result Author,[execute [P]] [Event Creation [C]] [Event [C]] [has result [P]] [Author [C]] 
54,inferred_Cocus-215,User Help Request send,[User [C]] [Help Request [C]] [send [P]] 
55,inferred_Cocus-28,User created by Event take part in Person,[User [C]] [created by [P]] [Event [C]] [take part in [P]] [Person [C]] 
56,inferred_Cocus-213,User recieve use used by created Document Person,[User [C]] [recieve [P]] [use [P]] [used by [P]] [created by [P]] [Document [C]] [Person [C]] 
57,inferred_Cocus-222,Paper submited by Corresponding Author,[Paper [C]] [submited by [P]] [Corresponding Author [C]] 
58,inferred_Cocus-216,User has result Registration,[User [C]] [has result [P]] [Registration [C]] 
59,inferred_Cocus-212,concerned Event URL,[concerned [P]] [Event URL [C]] [Event [C]] 
60,inferred_Cocus-223,owns,[owns [P]] 
61,inferred_Cocus-217,approved by Administrator approve Event,[approved by [P]] [Administrator [C]] [approve [P]] [Event [C]] 
62,inferred_linklings18,has Role Involved Panel is In Moderator Panelist,[has Role Involved [P]] [Panel [C]] [is Role Involved In [P]] [Panel Moderator [C]] [Panelist [C]] 
63,inferred_linklings19,has Place Event,[has Place [P]] [Place [C]] [Event [C]] 
64,inferred_linklings9,has Role Involved is In reviews,[has Role Involved [P]] [is Role Involved In [P]] [Role [C]] [has Role [P]] [reviews [P]] 
65,inferred_linklings8,has Room Name,[has Room Name [P]] [has Room [P]] [Room [C]] 
66,inferred_linklings23,Applicant Application is Role Involved In has,[Applicant [C]] [Application [C]] [is Role Involved In [P]] [has Role Involved [P]] 
67,inferred_linklings1,has Program Assigned is Type Of Content registers Reviewed Registered By Setting For Session Set Submission Status,[has Program Assigned [P]] [is Type Of [P]] [is Content Type Of [P]] [registers [P]] [is Reviewed [P]] [is Registered By [P]] [is Setting For [P]] [is Session [P]] [is Set By [P]] [is Submission Status Of [P]] 
68,inferred_linklings17,Role Settings is Set By Administrator sets Setting,[Role Settings [C]] [is Set By [P]] [Administrator [C]] [sets Setting [P]] 
69,inferred_linklings4,sets Setting has Settings,[sets Setting [P]] [has Setting [P]] [Settings [C]] 
70,inferred_linklings12,has Title is Type Of Submission includes Status,[has Title [P]] [is Type Of [P]] [Submission [C]] [includes Submission [P]] [is Submission Status Of [P]] [Submission Status [C]] 
71,inferred_linklings22,has Session Chair Program Assigned Conference,[has Session Chair [P]] [Session Chair [C]] [has Program Assigned [P]] [Conference [C]] [has Session [P]] [Conference Session [C]] 
72,inferred_linklings16,is Set By sets Setting Administrator Submission Feature Settings,[is Set By [P]] [sets Setting [P]] [Administrator [C]] [Submission Feature Settings [C]] 
73,inferred_linklings5,Session has,[Session [C]] [has Session [P]] 
74,inferred_linklings13,has Content Type,[has Content Type [P]] [Content Type [C]] [Content [C]] 
75,inferred_linklings21,Time Interval has,[Time Interval [C]] [has Time Interval [P]] 
76,inferred_linklings3,Reviewer is Status Set By Submission,[Reviewer [C]] [is Status Set By [P]] [Submission Status [C]] 
77,inferred_linklings15,is Setting For Submission Feature Settings has Type,[is Setting For [P]] [Submission Feature Settings [C]] [has Setting [P]] [has Submission Type [P]] [Submission Type [C]] 
78,inferred_linklings24,Paper Author is Role Involved In has,[Paper [C]] [Author [C]] [is Role Involved In [P]] [has Role Involved [P]] 
79,inferred_linklings6,has Address Person Assigned Sure Name First,[has Address [P]] [Person [C]] [has Person Assigned [P]] [has Sure Name [P]] [has First Name [P]] 
80,inferred_linklings10,Administrator registers has Person Assigned Admin Registered Role,[Administrator [C]] [registers [P]] [has Person Assigned [P]] [Admin Registered [C]] [Role [C]] [has Role [P]] 
81,inferred_linklings20,Time Interval Event has,[Time Interval [C]] [Event [C]] [has Time Interval [P]] 
82,inferred_linklings2,has Submission Status sets is Set By,[has Submission Status [P]] [sets Status [P]] [is Status Set By [P]] [Submission Status [C]] 
83,inferred_linklings14,Content Submission has,[Content [C]] [Submission [C]] [has Content [P]] 
84,inferred_linklings25,Basic User has Person Assigned Role Self Registered,[Basic User [C]] [has Person Assigned [P]] [has Role [P]] [Self Registered [C]] 
85,inferred_linklings7,Conference has Name Theme,[Conference [C]] [has Conference Name [P]] [has Theme [P]] 
86,inferred_linklings11,Role Settings has Setting is For,[Role Settings [C]] [Role [C]] [has Setting [P]] [is Setting For [P]] 
87,inferred_conference-29,has a review Reviewer authors Reviewed contribution Review,[has a review [P]] [Reviewer [C]] [has authors [P]] [Reviewed contribution [C]] [Review [C]] 
88,inferred_conference-228,is part of conference volumes has parts Conference volume,[is part of conference volumes [P]] [has parts [P]] [Conference volume [C]] [Conference part [C]] 
89,inferred_conference-219,Conference volume has a location Person the last name,[Conference volume [C]] [has a location [P]] [Person [C]] [has the last name [P]] 
90,inferred_conference-231,Presentation is given by Active conference participant gives presentations,[Presentation [C]] [is given by [P]] [Active conference participant [C]] [gives presentations [P]] 
91,inferred_conference-28,Workshop has workshops Conference volume,[Workshop [C]] [has workshops [P]] [Conference volume [C]] 
92,inferred_conference-229,was a track-workshop chair of has track-workshop-tutorial Track-workshop Conference part,[was a track-workshop chair of [P]] [has a track-workshop-tutorial chair [P]] [Track-workshop chair [C]] [Conference part [C]] 
93,inferred_conference-218,has the first name Person an email,[has the first name [P]] [Person [C]] [has an email [P]] 
94,inferred_conference-230,has a track-workshop-tutorial topic is topis of conference parts Topic Conference part,[has a track-workshop-tutorial topic [P]] [is a topis of conference parts [P]] [Topic [C]] [Conference part [C]] 
95,inferred_conference-232,Invited speaker talk contributes,[Invited speaker [C]] [Invited talk [C]] [contributes [P]] 
96,inferred_conference-227,is a date of acceptance announcement has important dates belong to conference volume Conference full paper submission Important,[is a date of acceptance announcement [P]] [has important dates [P]] [belong to a conference volume [P]] [Conference volume [C]] [is a full paper submission date [P]] [Important dates [C]] 
97,inferred_conference-26,has tracks Track Conference volume,[has tracks [P]] [Track [C]] [Conference volume [C]] 
98,inferred_conference-213,invites co-reviewers Reviewer invited by,[invites co-reviewers [P]] [Reviewer [C]] [invited by [P]] 
99,inferred_conference-23,Organizing committee has an organizing was of Conference volume,[Organizing committee [C]] [has an organizing committee [P]] [was an organizing committee of [P]] [Conference volume [C]] 
100,inferred_conference-222,has an ISBN a publisher Publisher Conference proceedings,[has an ISBN [P]] [has a publisher [P]] [Publisher [C]] [Conference proceedings [C]] 
101,inferred_conference-216,has a committee chair was of Chair Committee,[has a committee chair [P]] [was a committee chair of [P]] [Chair [C]] [Committee [C]] 
102,inferred_conference-226,Important dates is a date of camera ready paper submission starting an abstract ending,[Important dates [C]] [is a date of camera ready paper submission [P]] [is a starting date [P]] [is an abstract submission date [P]] [is an ending date [P]] 
103,inferred_conference-27,has tutorials Tutorial Conference volume,[has tutorials [P]] [Tutorial [C]] [Conference volume [C]] 
104,inferred_conference-212,Submitted contribution has a submitted Review expertise,[Submitted contribution [C]] [has a submitted contribution [P]] [Review expertise [C]] 
105,inferred_conference-22,Conference contribution is submitted at volume,[Conference contribution [C]] [is submitted at [P]] [Conference volume [C]] 
106,inferred_conference-223,Publisher issues Conference proceedings,[Publisher [C]] [issues [P]] [Conference proceedings [C]] 
107,inferred_conference-217,was a committee of has commtitee Committee Conference volume,[was a committee of [P]] [has a commtitee [P]] [Committee [C]] [Conference volume [C]] 
108,inferred_conference-225,Reviewer belongs to a review reference Review preference Topic reviewers,[Reviewer [C]] [belongs to a review reference [P]] [Review preference [C]] [Topic [C]] [belongs to reviewers [P]] 
109,inferred_conference-24,has a program committee Program was of Conference volume,[has a program committee [P]] [Program committee [C]] [was a program committee of [P]] [Conference volume [C]] 
110,inferred_conference-211,Reviewer has a review expertise Submitted contribution Review belongs to reviewers,[Reviewer [C]] [has a review expertise [P]] [Submitted contribution [C]] [Review expertise [C]] [belongs to reviewers [P]] 
111,inferred_conference-21,has contributions Conference contribution volume,[has contributions [P]] [Conference contribution [C]] [Conference volume [C]] 
112,inferred_conference-220,Conference document has authors a date of issue contributes Person,[Conference document [C]] [has authors [P]] [has a date of issue [P]] [contributes [P]] [Person [C]] 
113,inferred_conference-214,has a committee co-chair was committe of Committee Co-chair,[has a committee co-chair [P]] [was a committe co-chair of [P]] [Committee [C]] [Co-chair [C]] 
114,inferred_conference-224,has a degree Review preference volume Conference proceedings,[has a degree [P]] [Review preference [C]] [has a volume [P]] [Conference proceedings [C]] 
115,inferred_conference-25,Steering committee was a steering of has Conference volume,[Steering committee [C]] [was a steering committee of [P]] [has a steering committee [P]] [Conference volume [C]] 
116,inferred_conference-210,Review Reviewed contribution reviews,[Review [C]] [Reviewed contribution [C]] [reviews [P]] 
117,inferred_conference-221,Conference www has a URL,[Conference www [C]] [has a URL [P]] 
118,inferred_conference-215,Committee was a member of has members,[Committee [C]] [was a member of [P]] [Committee member [C]] [has members [P]] 
119,inferred_confious-232,first name human e-mail last,[first name [P]] [human [C]] [e-mail [P]] [last name [P]] 
120,inferred_confious-248,bidding of reviewer paper Program Committee member human is performed by concerned activity intensity has,[bidding of reviewer [C]] [paper [C]] [Program Committee member [C]] [human [C]] [is performed by [P]] [is concerned paper [P]] [activity [C]] [intensity [C]] [has intensity [P]] 
121,inferred_confious-237,is concerned paper reviewing proces,[is concerned paper [P]] [reviewing proces [C]] [paper [C]] 
122,inferred_confious-251,Rejected Paper rejection notification email is concerned paper,[Rejected Paper [C]] [rejection notification email [C]] [is concerned paper [P]] 
123,inferred_confious-233,is made by conference setup sets member human,[is made by [P]] [conference setup [C]] [sets member [P]] [human [C]] 
124,inferred_confious-249,paper Program Committee Chair human is performed by concerned article notification has result,[paper [C]] [Program Committee Chair [C]] [human [C]] [is performed by [P]] [is concerned paper [P]] [article [C]] [notification [C]] [has result [P]] 
125,inferred_confious-236,group email human is sent to concerned reviewing proces,[group email [C]] [human [C]] [is sent to [P]] [is concerned [P]] [reviewing proces [C]] 
126,inferred_confious-250,conference setup includes topic human Program Committee member has of interest,[conference setup [C]] [includes topic [P]] [human [C]] [Program Committee member [C]] [topic [C]] [has topic of interest [P]] 
127,inferred_confious-230,has author structure created by is of goes through human activity article in result sent to,[has author [P]] [structure created by [P]] [is author of [P]] [goes through [P]] [human [C]] [activity [C]] [article [C]] [is created in [P]] [has result [P]] [is sent to [P]] 
128,inferred_confious-218,Program Committee member automatically assign paper Automatic Paper Assignment,[Program Committee member [C]] [automatically assign paper [P]] [Automatic Paper Assignment [C]] 
129,inferred_confious-29,end date of conference setup sets,[end date of conference [C]] [conference setup [C]] [sets end date of conference [P]] 
130,inferred_confious-235,assign paper is followed by Program Committee member Chair human performed assignment lower tier reviewing process,[assign paper [P]] [is followed by [P]] [Program Committee member [C]] [Program Committee Chair [C]] [human [C]] [is performed by [P]] [paper assignment [C]] [lower tier reviewing process [C]] 
131,inferred_confious-229,conference setup end date of full paper submission sets,[conference setup [C]] [end date of full paper submission [C]] [sets end date full paper submission [P]] 
132,inferred_confious-231,is supervised by monitored supervises followed human performed performs activity,[is supervised by [P]] [is monitored by [P]] [supervises [P]] [is followed by [P]] [human [C]] [is performed by [P]] [performs activity [P]] [activity [C]] 
133,inferred_confious-219,sets member RPC conference setup is author of performed by Regular Program Committee lower tier reviewing process review,[sets member RPC [P]] [conference setup [C]] [is author of [P]] [is performed by [P]] [Regular Program Committee member [C]] [lower tier reviewing process [C]] [review [C]] 
134,inferred_confious-28,conference setup end date of camera-ready submission sets camera ready,[conference setup [C]] [end date of camera-ready submission [C]] [sets end date of camera ready submission [P]] 
135,inferred_confious-234,human is employed in institute,[human [C]] [is employed in [P]] [institute [C]] 
136,inferred_confious-252,is concerned paper Accepted Paper acceptance notification email,[is concerned paper [P]] [Accepted Paper [C]] [acceptance notification email [C]] 
137,inferred_confious-228,start date of camera-ready submission conference setup sets camera ready,[start date of camera-ready submission [C]] [conference setup [C]] [sets start date of camera ready submission [P]] 
138,inferred_confious-215,review form paper is concerned activity created in,[review form [C]] [paper [C]] [is concerned paper [P]] [activity [C]] [is created in [P]] [is concerned review [P]] [review [C]] 
139,inferred_confious-221,URL conference setup sets is concerned confernce,[URL [C]] [conference setup [C]] [sets URL [P]] [is concerned confernce setup [P]] 
140,inferred_confious-24,conference setup sets RPC URL Regular Reviewer,[conference setup [C]] [sets RPC URL [P]] [Regular Reviewer URL [C]] 
141,inferred_confious-247,abstract of paper is concerned,[abstract of paper [C]] [is concerned paper [P]] [paper [C]] 
142,inferred_confious-210,sets start date of abstract submission conference setup,[sets start date of abstract submission [P]] [conference setup [C]] [start date of abstract submission [C]] 
143,inferred_confious-238,Undecided Paper goes through is concerned paper assignment submission process reviewing proces,[Undecided Paper [C]] [goes through [P]] [is concerned paper [P]] [paper assignment [C]] [submission process [C]] [reviewing proces [C]] 
144,inferred_confious-224,managing of conference process setup paper is concerned confernce,[managing of conference process [C]] [conference setup [C]] [paper [C]] [conference [C]] [is concerned confernce setup [P]] [is concerned conference [P]] 
145,inferred_confious-242,Senior Program Committee member is followed by human performed upper tier reviewing process checked in notification lower,[Senior Program Committee member [C]] [is followed by [P]] [human [C]] [is performed by [P]] [upper tier reviewing process [C]] [is checked in [P]] [notification [C]] [lower tier reviewing process [C]] 
146,inferred_confious-21,conference setup sets start date is concerned confernce end,[conference setup [C]] [sets start date [P]] [is concerned confernce setup [P]] [is concerned [P]] [sets end date [P]] 
147,inferred_confious-214,review form structure created by Program Committee Chair activity is in has result lower tier reviewing process,[review form [C]] [structure created by [P]] [Program Committee Chair [C]] [activity [C]] [is created in [P]] [has result [P]] [lower tier reviewing process [C]] 
148,inferred_confious-220,Program Committee member Manual Paper Assignment manually assign paper,[Program Committee member [C]] [Manual Paper Assignment [C]] [manually assign paper [P]] 
149,inferred_confious-25,conference setup Senior Reviewer URL sets SPC,[conference setup [C]] [Senior Reviewer URL [C]] [sets SPC URL [P]] 
150,inferred_confious-246,has author paper Program Committee Chair Contact Person is concerned notification email sent to,[has author [P]] [paper [C]] [Program Committee Chair [C]] [Contact Person [C]] [is concerned paper [P]] [notification email [C]] [is sent to [P]] 
151,inferred_confious-211,start date of conference setup sets,[start date of conference [C]] [conference setup [C]] [sets start date of conference [P]] 
152,inferred_confious-239,is followed by human performed Contact Person paper assignment submission process,[is followed by [P]] [human [C]] [is performed by [P]] [Contact Person [C]] [paper assignment [C]] [submission process [C]] 
153,inferred_confious-225,conference phase of is in,[conference [C]] [phase of conference [C]] [is in phase [P]] 
154,inferred_confious-243,has author paper is of human concerned Contact Person,[has author [P]] [paper [C]] [is author of [P]] [human [C]] [is concerned paper [P]] [Contact Person [C]] 
155,inferred_confious-217,conference setup has author review form is concerned confernce Program Committee member,[conference setup [C]] [has author [P]] [review form [C]] [is concerned confernce setup [P]] [Program Committee member [C]] [review [C]] 
156,inferred_confious-223,Program Committee Chair conference setup sets member PCC,[Program Committee Chair [C]] [conference setup [C]] [sets member PCC [P]] 
157,inferred_confious-26,sets date of notification conference setup,[sets date of notification [P]] [conference setup [C]] [date of notification [C]] 
158,inferred_confious-245,conference setup has author paper is concerned confernce Contact Person sets member CP,[conference setup [C]] [has author [P]] [paper [C]] [is concerned confernce setup [P]] [Contact Person [C]] [sets member CP [P]] 
159,inferred_confious-212,conference setup sets start date or full paper submission of,[conference setup [C]] [sets start date or full paper submission [P]] [start date of full paper submission [C]] 
160,inferred_confious-226,is made by conference setup concerned confernce Program Committee Chair sets member PCC,[is made by [P]] [conference setup [C]] [is concerned confernce setup [P]] [Program Committee Chair [C]] [sets member PCC [P]] 
161,inferred_confious-240,is supervised by conference setup sets member SPC Senior Program Committee supervises activity lower tier reviewing process,[is supervised by [P]] [conference setup [C]] [sets member SPC [P]] [Senior Program Committee member [C]] [supervises [P]] [activity [C]] [lower tier reviewing process [C]] 
162,inferred_confious-23,conference setup Contact Person URL sets CP,[conference setup [C]] [Contact Person URL [C]] [sets CP URL [P]] 
163,inferred_confious-216,review gives classification article,[review [C]] [gives classification [P]] [classification [C]] [article [C]] 
164,inferred_confious-222,is concerned confernce setup conference sets date,[is concerned confernce setup [P]] [conference setup [C]] [sets date [P]] [date [C]] 
165,inferred_confious-27,end date of abstract submission conference setup sets,[end date of abstract submission [C]] [conference setup [C]] [sets end date of abstract submission [P]] 
166,inferred_confious-244,full paper size,[full paper size [P]] [paper [C]] 
167,inferred_confious-213,review form activity is checked in created has result lower tier reviewing process,[review form [C]] [activity [C]] [is checked in [P]] [is created in [P]] [has result [P]] [lower tier reviewing process [C]] [review [C]] 
168,inferred_confious-227,managing of conference process is performed by performs activity Program Committee Chair,[managing of conference process [C]] [is performed by [P]] [performs activity [P]] [Program Committee Chair [C]] 
169,inferred_confious-241,has author Senior Program Committee member summary of reviews review upper tier reviewing process activity is created in result concerned,[has author [P]] [Senior Program Committee member [C]] [summary of reviews [C]] [review [C]] [upper tier reviewing process [C]] [activity [C]] [is created in [P]] [has result [P]] [is concerned review [P]] 
170,inferred_confious-22,conference setup sets Chair URL,[conference setup [C]] [sets Chair URL [P]] [Chair URL [C]] 
171,inferred_cmt-25,Conference logo URL site,[Conference [C]] [logo URL [P]] [site URL [P]] 
172,inferred_cmt-211,has Subject Area Paper,[has Subject Area [P]] [Paper [C]] [Subject Area [C]] 
173,inferred_cmt-220,Person email,[Person [C]] [email [P]] 
174,inferred_cmt-214,Reviewer written By Review write,[Reviewer [C]] [written By [P]] [Review [C]] [write Review [P]] 
175,inferred_cmt-24,member Of Program Committee Member has,[member Of Program Committee [P]] [Program Committee Member [C]] [Program Committee [C]] [has Program Committee Member [P]] 
176,inferred_cmt-210,Paper Meta- Reviewer read By,[Paper [C]] [Meta- Reviewer [C]] [read By Meta- Reviewer [P]] 
177,inferred_cmt-221,Conference reviews Per Paper Program Committee Member max Papers,[Conference [C]] [reviews Per Paper [P]] [Program Committee Member [C]] [max Papers [P]] 
178,inferred_cmt-21,details Entered By virtual Meeting Enabled Administrator Conference enter Review Criteria paper Assignment Tools Run run Paper hardcopy Mailing Manifests Printed review print Hardcopy Details Finalized start Reviewer Bidding reviewer Started finalize enable Virtual,[details Entered By [P]] [virtual Meeting Enabled By [P]] [Administrator [C]] [Conference [C]] [enter Review Criteria [P]] [paper Assignment Tools Run By [P]] [run Paper Assignment Tools [P]] [hardcopy Mailing Manifests Printed By [P]] [review Criteria Entered By [P]] [print Hardcopy Mailing Manifests [P]] [enter Conference Details [P]] [paper Assignment Finalized By [P]] [start Reviewer Bidding [P]] [reviewer Bidding Started By [P]] [finalize Paper Assignment [P]] [enable Virtual Meeting [P]] 
179,inferred_cmt-215,end Review Program Committee Chair,[end Review [P]] [Review [C]] [Program Committee Chair [C]] 
180,inferred_cmt-27,Paper write Author has submit,[Paper [C]] [write Paper [P]] [Author [C]] [has Author [P]] [submit Paper [P]] 
181,inferred_cmt-213,Paper Administrator has Been Assigned assigned To read By Reviewer assign,[Paper [C]] [Administrator [C]] [has Been Assigned [P]] [assigned To [P]] [read By Reviewer [P]] [assign Reviewer [P]] [read Paper [P]] [Reviewer [C]] [assigned By Administrator [P]] 
182,inferred_cmt-222,Conference accepts Hardcopy Submissions,[Conference [C]] [accepts Hardcopy Submissions [P]] 
183,inferred_cmt-22,Conference Member member Of has,[Conference Member [C]] [member Of Conference [P]] [has Conference Member [P]] [Conference [C]] 
184,inferred_cmt-216,adjusted By Reviewer adjust Bid,[adjusted By [P]] [Reviewer [C]] [adjust Bid [P]] [Bid [C]] 
185,inferred_cmt-26,Paper Administrator accepted By Bid accept rejected reject has,[Paper [C]] [Administrator [C]] [accepted By [P]] [Bid [C]] [accept Paper [P]] [rejected By [P]] [reject Paper [P]] [has Bid [P]] 
186,inferred_cmt-212,Paper paper ID,[Paper [C]] [paper ID [P]] 
187,inferred_cmt-223,Conference date,[Conference [C]] [date [P]] 
188,inferred_cmt-23,Administrator added By set Max Papers Program Committee Member add,[Administrator [C]] [added By [P]] [set Max Papers [P]] [Program Committee Member [C]] [add Program Committee Member [P]] 
189,inferred_cmt-217,External Reviewer assign assigned By,[External Reviewer [C]] [Reviewer [C]] [assign External Reviewer [P]] [assigned By Reviewer [P]] 
190,inferred_cmt-28,Co-author co-write Paper has,[Co-author [C]] [co-write Paper [P]] [has Co-author [P]] [Paper [C]] 
191,inferred_cmt-219,Document Person has Conflict Of Interest,[Document [C]] [Person [C]] [has Conflict Of Interest [P]] 
192,inferred_cmt-29,Paper has Decision,[Paper [C]] [has Decision [P]] [Decision [C]] 
193,inferred_cmt-218,Paper Conference name title,[Paper [C]] [Conference [C]] [name [P]] [title [P]] 
194,inferred_sigkdd1,payed by Registration fee Currency Person pay,[payed by [P]] [Registration fee [C]] [Currency [P]] [Person [C]] [pay [P]] 
195,inferred_sigkdd10,Deadline Author notification obtain Award until,[Deadline Author notification [C]] [obtain [P]] [Award [C]] [Author [C]] [notification until [P]] 
196,inferred_sigkdd4,can stay in Place Person,[can stay in [P]] [Place [C]] [Person [C]] 
197,inferred_sigkdd15,Speaker Deadline presentationed by Document submit until presentation,[Speaker [C]] [Deadline [C]] [presentationed by [P]] [Document [C]] [submit until [P]] [presentation [P]] 
198,inferred_sigkdd11,Paper Deadline Submission submit until Author,[Paper [C]] [Deadline Paper Submission [C]] [submit until [P]] [Author [C]] [submit [P]] 
199,inferred_sigkdd5,can stay in Hotel Person,[can stay in [P]] [Hotel [C]] [Person [C]] 
200,inferred_sigkdd14,award Award Organizator awarded by,[award [P]] [Award [C]] [Organizator [C]] [awarded by [P]] 
201,inferred_sigkdd3,Nation E-mail Person Name,[Nation [P]] [E-mail [P]] [Person [C]] [Name [P]] 
202,inferred_sigkdd12,Conference Name of conference ACM SIGKDD holded by City,[Conference [C]] [Name of conference [P]] [ACM SIGKDD [C]] [holded by [P]] [City of conference [P]] 
203,inferred_sigkdd6,ACM SIGKDD designed by Deadline design,[ACM SIGKDD [C]] [designed by [P]] [Deadline [C]] [design [P]] 
204,inferred_sigkdd17,Author of paper student award Best Student Paper Award,[Author of paper student [C]] [award [P]] [Best Student Paper Award [C]] 
205,inferred_sigkdd2,Price Registration fee,[Price [P]] [Registration fee [C]] 
206,inferred_sigkdd13,Date Deadline Conference End of conference Start,[Date [P]] [Deadline [C]] [Conference [C]] [End of conference [P]] [Start of conference [P]] 
207,inferred_sigkdd7,ACM SIGKDD hold Conference,[ACM SIGKDD [C]] [hold [P]] [Conference [C]] 
208,inferred_sigkdd16,Best Research Paper Award award Applications Author of paper,[Best Research Paper Award [C]] [award [P]] [Best Applications Paper Award [C]] [Author of paper [C]] 
209,inferred_sigkdd9,Sponzor fee pay,[Sponzor [C]] [Sponzor fee [C]] [pay [P]] 
210,inferred_sigkdd18,submit until Deadline Abstract Submission,[submit until [P]] [Deadline Abstract Submission [C]] [Abstract [C]] 
211,inferred_sigkdd8,search searched by Name of sponsor ACM SIGKDD Sponzor,[search [P]] [searched by [P]] [Name of sponsor [P]] [ACM SIGKDD [C]] [Sponzor [C]] 
212,inferred_PCS9,Primary Reviewer Review assign review,[Primary Reviewer [C]] [Review [C]] [assign review [P]] 
213,inferred_PCS8,Primary Reviewer Paper assigned review by Review accept,[Primary Reviewer [C]] [Paper [C]] [assigned review by [P]] [Review [C]] [accept [P]] 
214,inferred_PCS16,written paper by submit reject accepted rejected write Author Paper accept Committee Member,[written paper by [P]] [submit [P]] [reject paper [P]] [accepted by [P]] [rejected paper by [P]] [write paper [P]] [Author [C]] [Paper [C]] [accept [P]] [Committee Member [C]] 
215,inferred_PCS1,Email sended by Administrator send,[Email [C]] [sended by [P]] [Administrator [C]] [send [P]] 
216,inferred_PCS4,Summary PERSON E-mail Email Title Paper Subject of email,[Summary [P]] [PERSON [C]] [E-mail [P]] [Email [C]] [Title [P]] [Paper [C]] [Subject of email [P]] 
217,inferred_PCS13,Topic of conference Conference,[Topic of conference [P]] [Conference [C]] 
218,inferred_PCS17,submit PERSON DOCUMENT submited by get Information loggin in Document ID System,[submit [P]] [PERSON [C]] [DOCUMENT [C]] [submited by [P]] [get [P]] [Information [C]] [loggin in [P]] [Document ID [P]] [System [C]] 
219,inferred_PCS12,Conference Member Invitation get,[Conference Member [C]] [Invitation [C]] [get [P]] 
220,inferred_PCS5,PERSON Email get Message of email Receiver,[PERSON [C]] [Email [C]] [get [P]] [Message of email [P]] [Receiver of email [P]] 
221,inferred_PCS3,generate Report Administrator,[generate [P]] [Report [C]] [Administrator [C]] 
222,inferred_PCS14,Date Conference,[Date [P]] [Conference [C]] 
223,inferred_PCS11,Conference Member has conference member of,[Conference Member [C]] [has conference member [P]] [member of conference [P]] [Conference [C]] 
224,inferred_PCS6,read paper rate Accepted External Reviewer,[read paper [P]] [rate paper [P]] [Accepted paper [C]] [External Reviewer [C]] 
225,inferred_PCS15,Web Site Conference,[Web Site [P]] [Conference [C]] 
226,inferred_PCS2,generate Electronic proceeding Administrator,[generate [P]] [Electronic proceeding [C]] [Administrator [C]] 
227,inferred_PCS7,submit write review Review External Reviewer,[submit [P]] [write review [P]] [Review [C]] [External Reviewer [C]] 
228,inferred_PCS10,write review Secondary Reviewer Review,[write review [P]] [Secondary Reviewer [C]] [Review [C]] 
229,inferred_confOf2,has Postal Code Surname Home Page Fax Person,[has Postal Code [P]] [has Surname [P]] [has Home Page [P]] [has Fax [P]] [Person [C]] 
230,inferred_confOf16,Person has City,[Person [C]] [has City [P]] [City [C]] 
231,inferred_confOf7,location has title Working event,[location [P]] [has title [P]] [Working event [C]] 
232,inferred_confOf13,Participant early Registration,[Participant [C]] [early Registration [P]] 
233,inferred_confOf3,ends on Event starts,[ends on [P]] [Event [C]] [starts on [P]] 
234,inferred_confOf6,default Choice Social event Working,[default Choice [P]] [Social event [C]] [Working event [C]] 
235,inferred_confOf12,University Scholar study At,[University [C]] [Scholar [C]] [study At [P]] 
236,inferred_confOf14,Country Person has,[Country [C]] [Person [C]] [has Country [P]] 
237,inferred_confOf5,Administrative event has Event parallel with Working follows,[Administrative event [C]] [has Administrative Event [P]] [parallel with [P]] [Working event [C]] [follows [P]] 
238,inferred_confOf11,has Topic deals With Contribution Working event,[has Topic [P]] [deals With [P]] [Topic [C]] [Contribution [C]] [Working event [C]] 
239,inferred_confOf1,has Street Phone First Name Email Person,[has Street [P]] [has Phone [P]] [has First Name [P]] [has Email [P]] [Person [C]] 
240,inferred_confOf15,Organization Person employed By,[Organization [C]] [Person [C]] [employed By [P]] 
241,inferred_confOf4,Social event location has title,[Social event [C]] [location [P]] [has title [P]] 
242,inferred_confOf10,reviewes Member PC Topic Contribution expert On,[reviewes [P]] [Member PC [C]] [Topic [C]] [Contribution [C]] [expert On [P]] 
243,inferred_confOf8,remark has Title abstract contact Email Contribution Keyword,[remark [P]] [has Title [P]] [abstract [P]] [contact Email [P]] [Contribution [C]] [has Keyword [P]] 
244,inferred_confOf9,Author Contribution written By writes,[Author [C]] [Contribution [C]] [written By [P]] [writes [P]] 
245,inferred_MICRO13,Activity Submission Form is Member Of has Members Committee Submitted By,[Activity Submission Form [C]] [is Member Of [P]] [has Members [P]] [Committee Member [C]] [is Submitted By [P]] 
246,inferred_MICRO12,has Acronym works For Company Person Mail Lecture,[has Acronym [P]] [works For Company [P]] [Person [C]] [has Mail [P]] [Lecture [C]] 
247,inferred_MICRO11,submission Deadline Activity Submission Form,[submission Deadline [P]] [Activity Submission Form [C]] 
248,inferred_MICRO8,applies To Lecture Paper,[applies To [P]] [Lecture [C]] [Paper [C]] 
249,inferred_MICRO14,Tutorial Proposal applies To,[Tutorial Proposal [C]] [applies To [P]] [Tutorial [C]] 
250,inferred_MICRO10,Activity Submission Form Author is Submitted By Of has,[Activity Submission Form [C]] [Author [C]] [is Submitted By [P]] [is Author Of [P]] [has Author [P]] 
251,inferred_MICRO9,Reviewer Double Blind Review executes is Executed By,[Reviewer [C]] [Double Blind Review [C]] [executes [P]] [is Executed By [P]] 
252,inferred_MICRO15,Worksop Proposal applies To Work Shop,[Worksop Proposal [C]] [applies To [P]] [Work Shop [C]] 
253,inferred_MICRO5,is Conducted By conducts Activity Author,[is Conducted By [P]] [conducts [P]] [Activity [C]] [Author [C]] 
254,inferred_MICRO1,Activity organizes Conference Organizing Committee is Part Of,[Activity [C]] [organizes [P]] [Conference [C]] [Organizing Committee [C]] [is Part Of [P]] 
255,inferred_MICRO4,is Included Activity Topic has,[is Included [P]] [Activity [C]] [Topic [C]] [has Topic [P]] 
256,inferred_MICRO2,takes Place Location Conference,[takes Place [P]] [Location [C]] [Conference [C]] 
257,inferred_MICRO7,applies To Double Blind Review Lecture,[applies To [P]] [Double Blind Review [C]] [Lecture [C]] 
258,inferred_MICRO3,is Member Of has Members Conference Committee Organizing Organized By,[is Member Of [P]] [has Members [P]] [Conference [C]] [Committee Member [C]] [Organizing Committee [C]] [is Organized By [P]] 
259,inferred_MICRO6,Activity expected Attendance Conference annual Order,[Activity [C]] [expected Attendance [P]] [Conference [C]] [annual Order [P]] 
260,inferred_edas15,Review Rating has Active Paper,[Review Rating [C]] [has Rating [P]] [Active Paper [C]] 
261,inferred_edas10,is Provider Of provided By Sponsorship Organization,[is Provider Of [P]] [provided By [P]] [Sponsorship [C]] [Organization [C]] 
262,inferred_edas8,Place is Location Of has Conference Event,[Place [C]] [is Location Of [P]] [has Location [P]] [Conference Event [C]] 
263,inferred_edas14,has Submission Deadline Call Instructions,[has Submission Deadline [P]] [Call [C]] [has Submission Instructions [P]] 
264,inferred_edas20,is Written By Author Paper has Related,[is Written By [P]] [Author [C]] [Paper [C]] [has Related Paper [P]] 
265,inferred_edas11,Sponsorship has Cost Currency,[Sponsorship [C]] [has Cost Currency [P]] 
266,inferred_edas9,has Programme belongs To Event Conference,[has Programme [P]] [belongs To Event [P]] [Conference Event [C]] [Programme [C]] 
267,inferred_edas17,Meal Menu Event has is Of,[Meal Menu [C]] [Meal Event [C]] [has Menu [P]] [is Menu Of [P]] 
268,inferred_edas12,Sponsorship has Cost Amount,[Sponsorship [C]] [has Cost Amount [P]] 
269,inferred_edas16,Review Rating has Rated Papers,[Review Rating [C]] [has Rating [P]] [Rated Papers [C]] 
270,inferred_edas13,for Event has Call Academic,[for Event [P]] [has Call [P]] [Call [C]] [Academic Event [C]] 
271,inferred_edas2,has City Street Postal Code Contact Information Phone,[has City [P]] [has Street [P]] [has Postal Code [P]] [Contact Information [C]] [has Phone [P]] 
272,inferred_edas7,has Start Date Time End Conference Event,[has Start Date Time [P]] [has End Date Time [P]] [Conference Event [C]] 
273,inferred_edas3,Conference paper Due On has Name start Date,[Conference [C]] [paper Due On [P]] [has Name [P]] [start Date [P]] 
274,inferred_edas6,has Topic Conference,[has Topic [P]] [Conference [C]] [Topic [C]] 
275,inferred_edas18,Paper Presentation Accepted related To Event,[Paper Presentation [C]] [Accepted Paper [C]] [related To Event [P]] [related To Paper [P]] 
276,inferred_edas5,has Country Conference,[has Country [P]] [Conference [C]] [Country [C]] 
277,inferred_edas19,Reviewer is Review History Of has Personal,[Reviewer [C]] [is Review History Of [P]] [has Review History [P]] [Personal Review History [C]] 
278,inferred_edas1,has Member is Of attendee At Conference First Name Last Attendee Biography Person Event,[has Member [P]] [is Member Of [P]] [attendee At [P]] [Conference [C]] [has First Name [P]] [has Last Name [P]] [has Attendee [P]] [has Biography [P]] [Person [C]] [Conference Event [C]] 
279,inferred_edas4,end Date Conference registration Due On manuscript,[end Date [P]] [Conference [C]] [registration Due On [P]] [manuscript Due On [P]] 
280,inferred_MyReview-228,includes PC Members List Proceedings,[includes [P]] [PC Members List [C]] [Proceedings [C]] 
281,inferred_MyReview-24,has Title Author Paper ID,[has Title [P]] [Author [C]] [has Author [P]] [Paper [C]] [has ID [P]] 
282,inferred_MyReview-219,has Member Program Committee Research Topic is Assigned By Administrator,[has Member [P]] [Program Committee [C]] [Research Topic [C]] [is Assigned By [P]] [Administrator [C]] 
283,inferred_MyReview-21,has Conflicted Paper asks For Preference Chair paper Is Assigned To Reviewer Preferred,[has Conflicted Paper [P]] [asks For Preference [P]] [Chair [C]] [paper Is Assigned To [P]] [Is Assigned To [P]] [Paper [C]] [Reviewer [C]] [has Preferred Paper [P]] 
284,inferred_MyReview-229,Paper Abstract Contact Author has submits Email abstract Is Submitted By is Of,[Paper Abstract [C]] [Contact Author [C]] [has Abstract [P]] [submits Abstract [P]] [has Email [P]] [abstract Is Submitted By [P]] [Paper [C]] [is Abstract Of [P]] 
285,inferred_MyReview-25,has Status is Of Paper,[has Status [P]] [is Status Of [P]] [Paper Status [C]] [Paper [C]] 
286,inferred_MyReview-218,has Preferred Topic Research Main Paper Reviewer Secondary,[has Preferred Topic [P]] [Research Topic [C]] [has Main Topic [P]] [Paper [C]] [Reviewer [C]] [has Secondary Topic [P]] 
287,inferred_MyReview-230,Criterion has Weight,[Criterion [C]] [has Weight [P]] 
288,inferred_MyReview-26,has Phone Conference Attendant Adress,[has Phone [P]] [Conference Attendant [C]] [has Adress [P]] 
289,inferred_MyReview-23,Author paper Is Submitted By submits Paper write,[Author [C]] [paper Is Submitted By [P]] [submits Paper [P]] [Paper [C]] [write Paper [P]] 
290,inferred_MyReview-27,Conference Attendant paid,[Conference Attendant [C]] [paid [P]] 
291,inferred_MyReview-22,cooperates Reviewer External,[cooperates Reviewer [P]] [External Reviewer [C]] [Reviewer [C]] [cooperates [P]] 
292,inferred_MyReview-213,Slot date,[Slot [C]] [date [P]] 
293,inferred_MyReview-227,Index Of Authors includes Proceedings,[Index Of Authors [C]] [includes [P]] [Proceedings [C]] 
294,inferred_MyReview-216,has Member Program Committee Chair is Of,[has Member [P]] [Program Committee [C]] [Chair [C]] [is Member Of [P]] [Program Committee Member [C]] 
295,inferred_MyReview-222,Review Rejected Paper is Rated By Chair,[Review [C]] [Rejected Paper [C]] [is Rated By [P]] [Chair [C]] [is Rejected By [P]] 
296,inferred_MyReview-212,Conference Program Slot forms,[Conference Program [C]] [Slot [C]] [forms [P]] 
297,inferred_MyReview-226,includes External Reviewers List Proceedings,[includes [P]] [External Reviewers List [C]] [Proceedings [C]] 
298,inferred_MyReview-217,Program Committee Member has Password Email,[Program Committee Member [C]] [has Password [P]] [has Email [P]] 
299,inferred_MyReview-223,is Chair Of accepts rejects Rejected By Paper Session Accepted,[is Chair Of [P]] [accepts [P]] [rejects [P]] [Chair [C]] [is Rejected By [P]] [Paper [C]] [Session [C]] [is Accepted By [P]] 
300,inferred_MyReview-211,Conference Program Slot consists Of,[Conference Program [C]] [Slot [C]] [consists Of [P]] 
301,inferred_MyReview-29,has Last Name First Person Affiliation,[has Last Name [P]] [has First Name [P]] [Person [C]] [has Affiliation [P]] 
302,inferred_MyReview-225,includes Accepted Paper Proceedings,[includes [P]] [Accepted Paper [C]] [Proceedings [C]] 
303,inferred_MyReview-214,hosts Slot has Chair is Associated To room Session,[hosts [P]] [Slot [C]] [has Chair [P]] [is Associated To [P]] [Chair [C]] [room [P]] [Session [C]] 
304,inferred_MyReview-220,Review is Rated By rates Writen write Paper Reviewer,[Review [C]] [is Rated By [P]] [rates [P]] [is Writen By [P]] [write Review [P]] [Paper [C]] [Reviewer [C]] 
305,inferred_MyReview-210,has Email Conference Program is Of Acronym Name,[has Email [P]] [Conference Program [C]] [is Program Of [P]] [has Acronym [P]] [has Name [P]] [Conference [C]] 
306,inferred_MyReview-28,must Pay Conference Attendant Fee,[must Pay [P]] [Conference Attendant [C]] [Fee [C]] 
307,inferred_MyReview-224,Chair produces Output Document is Produced By,[Chair [C]] [produces [P]] [Output Document [C]] [is Produced By [P]] 
308,inferred_MyReview-215,has Assigned Paper Review is Rated By Accepted Chair Session To,[has Assigned Paper [P]] [Review [C]] [is Rated By [P]] [Accepted Paper [C]] [Chair [C]] [Session [C]] [is Assigned To Session [P]] [is Accepted By [P]] 
309,inferred_MyReview-221,contains Evaluation is Contained In Review,[contains Evaluation [P]] [is Contained In [P]] [Review [C]] [Evaluation [C]] 
310,inferred_crs_dr8,has enddate event startdate,[has enddate [P]] [event [C]] [has startdate [P]] 
311,inferred_crs_dr5,program has session,[program [C]] [has session [P]] [session [C]] 
312,inferred_crs_dr1,has author writes article written by assigns to conference,[has author [P]] [writes article [P]] [article written by [P]] [assigns article to conference [P]] [article [C]] [author [C]] 
313,inferred_crs_dr4,program chair creates,[program [C]] [chair [C]] [creates program [P]] 
314,inferred_crs_dr2,abstract has article part of,[abstract [C]] [has abstract [P]] [article [C]] [part of article [P]] 
315,inferred_crs_dr7,participant conference has program submits to,[participant [C]] [conference [C]] [has program [P]] [program [C]] [submits to conference [P]] 
316,inferred_crs_dr3,chair reviewer program created by assigns reviewers to article,[chair [C]] [reviewer [C]] [program created by [P]] [assigns reviewers to article [P]] [program [C]] 
317,inferred_crs_dr6,writes review has reviewer written by article,[writes review [P]] [review [C]] [has reviewer [P]] [review written by [P]] [reviewer [C]] [article [C]] 
318,inferred_ekaw6,reviewer Of Paper Possible Reviewer,[reviewer Of Paper [P]] [Possible Reviewer [C]] [Paper [C]] 
319,inferred_ekaw3,Organisation technically Organises,[Organisation [C]] [technically Organises [P]] 
320,inferred_ekaw18,has Event Individual Presentation Session,[has Event [P]] [Individual Presentation [C]] [Session [C]] 
321,inferred_ekaw7,has Review Possible Reviewer review Written By Of Paper,[has Review [P]] [Possible Reviewer [C]] [Review [C]] [review Written By [P]] [review Of Paper [P]] [Paper [C]] 
322,inferred_ekaw2,scientifically Organises Academic Institution Organised By,[scientifically Organises [P]] [Academic Institution [C]] [scientifically Organised By [P]] 
323,inferred_ekaw4,volume Contains Paper Proceedings,[volume Contains Paper [P]] [Proceedings [C]] 
324,inferred_ekaw1,volume Contains Paper paper In Volume references technically Organised By part Of has Part referenced,[volume Contains Paper [P]] [paper In Volume [P]] [references [P]] [technically Organised By [P]] [part Of [P]] [has Part [P]] [referenced In [P]] 
325,inferred_ekaw5,Possible Reviewer has Paper,[Possible Reviewer [C]] [has Reviewer [P]] [Paper [C]] 
326,inferred_ekaw12,Camera Ready Paper Conference Participant written By,[Camera Ready Paper [C]] [Conference Participant [C]] [written By [P]] 
327,inferred_ekaw9,has Review Evaluated Paper,[has Review [P]] [Review [C]] [Evaluated Paper [C]] 
328,inferred_ekaw17,Conference Session part Of Event,[Conference Session [C]] [part Of Event [P]] [Conference [C]] 
329,inferred_ekaw13,Contributed Talk Camera Ready Paper presentation Of,[Contributed Talk [C]] [Camera Ready Paper [C]] [presentation Of Paper [P]] 
330,inferred_ekaw8,Possible Reviewer Assigned Paper has,[Possible Reviewer [C]] [Assigned Paper [C]] [has Reviewer [P]] 
331,inferred_ekaw16,Document Person author Of has Updated Version updated written By,[Document [C]] [Person [C]] [author Of [P]] [has Updated Version [P]] [updated Version Of [P]] [written By [P]] 
332,inferred_ekaw10,has Review Accepted Paper Positive,[has Review [P]] [Accepted Paper [C]] [Positive Review [C]] 
333,inferred_ekaw15,location Of held In Event Location,[location Of [P]] [held In [P]] [Event [C]] [Location [C]] 
334,inferred_ekaw11,Accepted Paper Camera Ready updated Version Of,[Accepted Paper [C]] [Camera Ready Paper [C]] [updated Version Of [P]] 
335,inferred_ekaw14,inverse of part Of 7 Event has,[inverse of part Of 7 [P]] [Event [C]] [has Event [P]] [part Of Event [P]] 
336,inferred_iasted20,is dated on Activity,[is dated on [P]] [Activity [C]] 
337,inferred_iasted9,is sent before Registation deadline Registration form,[is sent before [P]] [Registation deadline [C]] [Registration form [C]] 
338,inferred_iasted46,Session chair is given to Brief introduction for obtain,[Session chair [C]] [is given to [P]] [Brief introduction for Session chair [C]] [obtain [P]] 
339,inferred_iasted14,Delegate is designed for Mailing list,[Delegate [C]] [is designed for [P]] [Mailing list [C]] 
340,inferred_iasted72,is given by Technical commitee go through Technic activity,[is given by [P]] [Technical commitee [C]] [go through [P]] [Technic activity [C]] 
341,inferred_iasted25,Conference city airport is situated in state,[Conference city [C]] [Conference airport [C]] [is situated in [P]] [Conference state [C]] 
342,inferred_iasted43,Trip day Delegate is designed for held in Full tour,[Trip day [C]] [Delegate [C]] [is designed for [P]] [is held in [P]] [Full day tour [C]] 
343,inferred_iasted11,is designed for Delegate Coctail reception,[is designed for [P]] [Delegate [C]] [Coctail reception [C]] 
344,inferred_iasted39,Sponsor occupy company house is occupied by,[Sponsor [C]] [occupy [P]] [Sponsor company house [C]] [is occupied by [P]] 
345,inferred_iasted77,Student registration fee pay non speaker,[Student registration fee [C]] [pay [P]] [Student non speaker [C]] 
346,inferred_iasted21,is present Time One day presenter,[is present [P]] [Time [C]] [One day presenter [C]] 
347,inferred_iasted8,send Delegate Registration form is sent by,[send [P]] [Delegate [C]] [Registration form [C]] [is sent by [P]] 
348,inferred_iasted47,Session chair Introduction of speaker go through,[Session chair [C]] [Introduction of speaker [C]] [go through [P]] 
349,inferred_iasted15,Registration is designed for Delegate,[Registration [C]] [is designed for [P]] [Delegate [C]] 
350,inferred_iasted73,Delegate Deadline is designed for done till,[Delegate [C]] [Deadline [C]] [is designed for [P]] [done till [P]] 
351,inferred_iasted24,Tip Conference restaurant is paid in,[Tip [C]] [Conference restaurant [C]] [is paid in [P]] 
352,inferred_iasted42,is visited by Conference Hiker Trip city held in Full day tour,[is visited by [P]] [Conference Hiker [C]] [Trip city [C]] [is held in [P]] [Full day tour [C]] 
353,inferred_iasted10,is used by Transport vehicle Delegate,[is used by [P]] [Transport vehicle [C]] [Delegate [C]] 
354,inferred_iasted76,is designed for pay Nonmember registration fee IASTED non member,[is designed for [P]] [pay [P]] [Nonmember registration fee [C]] [IASTED non member [C]] 
355,inferred_iasted38,Sponsor is paid by give Sponzorship,[Sponsor [C]] [is paid by [P]] [give [P]] [Sponzorship [C]] 
356,inferred_iasted22,Money pay Person has amount of Building is paid with in Item by,[Money [C]] [pay [P]] [Person [C]] [has amount of [P]] [Building [C]] [is paid with [P]] [is paid in [P]] [Item [C]] [is paid by [P]] 
357,inferred_iasted44,go through Full day tour Conference Hiker,[go through [P]] [Full day tour [C]] [Conference Hiker [C]] 
358,inferred_iasted58,Conference hotel is situated in Hotel room presenter designed for,[Conference hotel [C]] [is situated in [P]] [Hotel room [C]] [Hotel presenter [C]] [is designed for [P]] 
359,inferred_iasted16,Social program is designed for Delegate,[Social program [C]] [is designed for [P]] [Delegate [C]] 
360,inferred_iasted70,Book proceeding is paid for Author attendee book registration fee,[Book proceeding [C]] [is paid for [P]] [Author attendee book registration fee [C]] 
361,inferred_iasted69,Cd proceening obtain Author cd proceedings included,[Cd proceening [C]] [obtain [P]] [Author cd proceedings included [C]] 
362,inferred_iasted27,Conference building is situated in Delegate occupied by Session room,[Conference building [C]] [is situated in [P]] [Delegate [C]] [is occupied by [P]] [Session room [C]] 
363,inferred_iasted41,Conference Hiker Fee for extra trip is paid by Full day tour,[Conference Hiker [C]] [Fee for extra trip [C]] [is paid for [P]] [is paid by [P]] [Full day tour [C]] 
364,inferred_iasted13,is given to Form Delegate,[is given to [P]] [Form [C]] [Delegate [C]] 
365,inferred_iasted75,Review Reviewer is writen by give,[Review [C]] [Reviewer [C]] [is writen by [P]] [give [P]] 
366,inferred_iasted23,is occupied by situated in Delegate Conference city state restaurant,[is occupied by [P]] [is situated in [P]] [Delegate [C]] [Conference city [C]] [Conference state [C]] [Conference restaurant [C]] 
367,inferred_iasted45,is designed for Delegate Full day tour,[is designed for [P]] [Delegate [C]] [Full day tour [C]] 
368,inferred_iasted17,need is prepared by used needed for writen made from send signed given to obtain prepare Item sent sign Person write,[need [P]] [is prepared by [P]] [is used by [P]] [is needed for [P]] [is writen by [P]] [is made from [P]] [send [P]] [is signed by [P]] [is given to [P]] [obtain [P]] [prepare [P]] [Item [C]] [is sent by [P]] [sign [P]] [Person [C]] [write [P]] 
369,inferred_iasted59,Conference days Registration fee activity state is paid for held in,[Conference days [C]] [Registration fee [C]] [Conference activity [C]] [Conference state [C]] [is paid for [P]] [is held in [P]] 
370,inferred_iasted71,Book proceeding Author book proceedings included obtain,[Book proceeding [C]] [Author book proceedings included [C]] [obtain [P]] 
371,inferred_iasted26,is visited by Conference building situated in Delegate state,[is visited by [P]] [Conference building [C]] [is situated in [P]] [Delegate [C]] [Conference state [C]] 
372,inferred_iasted68,Author attendee cd registration fee is paid for Cd proceening,[Author attendee cd registration fee [C]] [is paid for [P]] [Cd proceening [C]] 
373,inferred_iasted40,is situated in Sponsor state company house occupy,[is situated in [P]] [Sponsor state [C]] [Sponsor company house [C]] [Sponsor [C]] [occupy [P]] 
374,inferred_iasted12,is designed for Delegate Coffee break,[is designed for [P]] [Delegate [C]] [Coffee break [C]] 
375,inferred_iasted74,IASTED member pay Memeber registration fee is designed for,[IASTED member [C]] [pay [P]] [Memeber registration fee [C]] [is designed for [P]] 
376,inferred_iasted49,Author is prepared by Speaker prepare Transparency,[Author [C]] [is prepared by [P]] [Speaker [C]] [prepare [P]] [Transparency [C]] 
377,inferred_iasted6,Presenter state city is situated in university,[Presenter state [C]] [Presenter city [C]] [is situated in [P]] [Presenter university [C]] 
378,inferred_iasted61,Conference days is designed for Delegate,[Conference days [C]] [is designed for [P]] [Delegate [C]] 
379,inferred_iasted33,is situated in Audiovisual equipment Listener equipped by designed for Session room,[is situated in [P]] [Audiovisual equipment [C]] [Listener [C]] [is equipped by [P]] [is designed for [P]] [Session room [C]] 
380,inferred_iasted55,Hotel fee is paid by presenter,[Hotel fee [C]] [is paid by [P]] [Hotel presenter [C]] 
381,inferred_iasted64,Accepting manuscript go through Final,[Accepting manuscript [C]] [go through [P]] [Final manuscript [C]] 
382,inferred_iasted3,Viza is needed for Delegate need,[Viza [C]] [is needed for [P]] [Delegate [C]] [need [P]] 
383,inferred_iasted78,State City is situated in,[State [C]] [City [C]] [is situated in [P]] 
384,inferred_iasted36,speak in Lecturer Session room,[speak in [P]] [Lecturer [C]] [Session room [C]] 
385,inferred_iasted50,Plenary lecture speaker speak in Conference hall,[Plenary lecture speaker [C]] [speak in [P]] [Conference hall [C]] 
386,inferred_iasted80,Departure is designed for tax,[Departure [C]] [is designed for [P]] [Departure tax [C]] 
387,inferred_iasted48,is given by Author give Brief introduction for Session chair,[is given by [P]] [Author [C]] [give [P]] [Brief introduction for Session chair [C]] 
388,inferred_iasted7,Presenter state is occupied by Delegate occupy,[Presenter state [C]] [is occupied by [P]] [Delegate [C]] [occupy [P]] 
389,inferred_iasted60,is held after Activity conference Conference days,[is held after [P]] [Activity after conference [C]] [Conference days [C]] 
390,inferred_iasted32,Speaker is writen by Submission,[Speaker [C]] [is writen by [P]] [Submission [C]] 
391,inferred_iasted54,speak in Tutorial speaker Conference hall,[speak in [P]] [Tutorial speaker [C]] [Conference hall [C]] 
392,inferred_iasted65,Speaker write Final manuscript,[Speaker [C]] [write [P]] [Final manuscript [C]] 
393,inferred_iasted2,is paid by Delegate pay Registration fee,[is paid by [P]] [Delegate [C]] [pay [P]] [Registration fee [C]] 
394,inferred_iasted37,Sponsor city is occupied by company house situated in occupy,[Sponsor city [C]] [is occupied by [P]] [Sponsor company house [C]] [is situated in [P]] [Sponsor [C]] [occupy [P]] 
395,inferred_iasted79,is sent before Hotel registration form Deadline hotel reservation,[is sent before [P]] [Hotel registration form [C]] [Deadline hotel reservation [C]] 
396,inferred_iasted51,Conference building is situated in hall,[Conference building [C]] [is situated in [P]] [Conference hall [C]] 
397,inferred_iasted81,Deadline for notification of acceptance is sent after Author information form,[Deadline for notification of acceptance [C]] [is sent after [P]] [Author information form [C]] 
398,inferred_iasted4,is occupied by Delegate situated in occupy Presenter city house,[is occupied by [P]] [Delegate [C]] [is situated in [P]] [occupy [P]] [Presenter city [C]] [Presenter house [C]] 
399,inferred_iasted63,Publication Final manuscript is made from,[Publication [C]] [Final manuscript [C]] [is made from [P]] 
400,inferred_iasted31,Speaker is used by Audiovisual equipment,[Speaker [C]] [is used by [P]] [Audiovisual equipment [C]] 
401,inferred_iasted19,is held before Activity Time go through Item after,[is held before [P]] [Activity [C]] [Time [C]] [go through [P]] [Item [C]] [is held after [P]] 
402,inferred_iasted57,Conference hotel city state is situated in,[Conference hotel [C]] [Conference city [C]] [Conference state [C]] [is situated in [P]] 
403,inferred_iasted28,is visited by Conference building situated in Delegate city,[is visited by [P]] [Conference building [C]] [is situated in [P]] [Delegate [C]] [Conference city [C]] 
404,inferred_iasted66,Nonauthor registration fee is designed for Non speaker,[Nonauthor registration fee [C]] [is designed for [P]] [Non speaker [C]] 
405,inferred_iasted1,Invitation letter obtain Delegate is designed for,[Invitation letter [C]] [obtain [P]] [Delegate [C]] [is designed for [P]] 
406,inferred_iasted34,Record of attendance is situated in Listener signed by Session room sign,[Record of attendance [C]] [is situated in [P]] [Listener [C]] [is signed by [P]] [Session room [C]] [sign [P]] 
407,inferred_iasted52,Plenary lecture speaker is given by give Tutorial,[Plenary lecture speaker [C]] [is given by [P]] [give [P]] [Tutorial [C]] [Tutorial speaker [C]] 
408,inferred_iasted82,Car is connected with Renting,[Car [C]] [is connected with [P]] [Renting [C]] 
409,inferred_iasted5,Presenter state is occupied by situated in Delegate occupy house,[Presenter state [C]] [is occupied by [P]] [is situated in [P]] [Delegate [C]] [occupy [P]] [Presenter house [C]] 
410,inferred_iasted62,is held before Conference days Activity conference,[is held before [P]] [Conference days [C]] [Activity before conference [C]] 
411,inferred_iasted30,give Listener Speaker is designed for Lecture,[give [P]] [Listener [C]] [Speaker [C]] [is designed for [P]] [Lecture [C]] 
412,inferred_iasted56,Conference hotel Hotel presenter is designed for,[Conference hotel [C]] [Hotel presenter [C]] [is designed for [P]] 
413,inferred_iasted18,is sent before present Item Time Person after,[is sent before [P]] [is present [P]] [Item [C]] [Time [C]] [Person [C]] [is sent after [P]] 
414,inferred_iasted67,Worker non speaker Nonauthor registration fee pay,[Worker non speaker [C]] [Nonauthor registration fee [C]] [pay [P]] 
415,inferred_iasted29,is situated in Conference city state equipped by Item Place,[is situated in [P]] [Conference city [C]] [Conference state [C]] [is equipped by [P]] [Item [C]] [Place [C]] 
416,inferred_iasted35,Session Lecturer give room is held in,[Session [C]] [Lecturer [C]] [give [P]] [Session room [C]] [is held in [P]] 
417,inferred_iasted53,Plenary lecture speaker is given by give Tutorial,[Plenary lecture speaker [C]] [Plenary lecture [C]] [is given by [P]] [give [P]] [Tutorial speaker [C]] 
418,inferred_iasted83,go through Initial manuscipt Refusing manuscript,[go through [P]] [Initial manuscipt [C]] [Refusing manuscript [C]] 
