 "f" , "topLevelAnchestor" ,
 "https://w3id.org/framester/framenet/abox/frame/Duplication" , "https://w3id.org/framester/framenet/abox/frame/Event" ,
 "https://w3id.org/framester/framenet/abox/frame/Expected_location_of_person" , "https://w3id.org/framester/framenet/abox/frame/State https://w3id.org/framester/framenet/abox/frame/Relation" ,
 "https://w3id.org/framester/framenet/abox/frame/Ambient_temperature" , "https://w3id.org/framester/framenet/abox/frame/Attributes" ,
 "https://w3id.org/framester/framenet/abox/frame/Law" , "https://w3id.org/framester/framenet/abox/frame/Entity" ,
 "https://w3id.org/framester/framenet/abox/frame/Surviving" , "https://w3id.org/framester/framenet/abox/frame/Success_or_failure" ,
 "https://w3id.org/framester/framenet/abox/frame/Emotions_success_or_failure" , "https://w3id.org/framester/framenet/abox/frame/State" ,
 "https://w3id.org/framester/framenet/abox/frame/Subsisting" , "https://w3id.org/framester/framenet/abox/frame/State" ,
 "https://w3id.org/framester/framenet/abox/frame/Besieging" , "https://w3id.org/framester/framenet/abox/frame/Event" ,
 "https://w3id.org/framester/framenet/abox/frame/Rashness" , "https://w3id.org/framester/framenet/abox/frame/Attributes" ,
 "https://w3id.org/framester/framenet/abox/frame/Education_teaching" , "https://w3id.org/framester/framenet/abox/frame/Event" ,
 "https://w3id.org/framester/framenet/abox/frame/Cause_emotion" , "https://w3id.org/framester/framenet/abox/frame/Event" ,
 "https://w3id.org/framester/framenet/abox/frame/Being_incarcerated" , "https://w3id.org/framester/framenet/abox/frame/Being_in_captivity" ,
 "https://w3id.org/framester/framenet/abox/frame/Dominate_competitor" , "https://w3id.org/framester/framenet/abox/frame/Event" ,
 "https://w3id.org/framester/framenet/abox/frame/Apply_heat" , "https://w3id.org/framester/framenet/abox/frame/Event https://w3id.org/framester/framenet/abox/frame/Process" ,
 "https://w3id.org/framester/framenet/abox/frame/Visitor_and_host" , "https://w3id.org/framester/framenet/abox/frame/Visiting_scenario" ,
 "https://w3id.org/framester/framenet/abox/frame/Cutting" , "https://w3id.org/framester/framenet/abox/frame/Event" ,
 "https://w3id.org/framester/framenet/abox/frame/Building" , "https://w3id.org/framester/framenet/abox/frame/Event" ,
 "https://w3id.org/framester/framenet/abox/frame/Roadways" , "https://w3id.org/framester/framenet/abox/frame/Locale" ,
 "https://w3id.org/framester/framenet/abox/frame/Abandonment" , "https://w3id.org/framester/framenet/abox/frame/Event" ,
 "https://w3id.org/framester/framenet/abox/frame/Resolve_problem" , "https://w3id.org/framester/framenet/abox/frame/Event" ,
 "https://w3id.org/framester/framenet/abox/frame/Heralding" , "https://w3id.org/framester/framenet/abox/frame/Event" ,
 "https://w3id.org/framester/framenet/abox/frame/Cause_to_resume" , "https://w3id.org/framester/framenet/abox/frame/Event" ,
 "https://w3id.org/framester/framenet/abox/frame/Speed_description" , "https://w3id.org/framester/framenet/abox/frame/Attributes" ,
 "https://w3id.org/framester/framenet/abox/frame/Attaching" , "https://w3id.org/framester/framenet/abox/frame/Event" ,
 "https://w3id.org/framester/framenet/abox/frame/Attempt_suasion" , "https://w3id.org/framester/framenet/abox/frame/Event" ,
 "https://w3id.org/framester/framenet/abox/frame/Erasing" , "https://w3id.org/framester/framenet/abox/frame/Event" ,
 "https://w3id.org/framester/framenet/abox/frame/Activity_pause" , "https://w3id.org/framester/framenet/abox/frame/Event" ,
 "https://w3id.org/framester/framenet/abox/frame/Active_substance" , "https://w3id.org/framester/framenet/abox/frame/Entity" ,
 "https://w3id.org/framester/framenet/abox/frame/Desirability" , "https://w3id.org/framester/framenet/abox/frame/Attributes" ,
 "https://w3id.org/framester/framenet/abox/frame/Breaking_out_captive" , "https://w3id.org/framester/framenet/abox/frame/Event" ,
 "https://w3id.org/framester/framenet/abox/frame/Posture" , "https://w3id.org/framester/framenet/abox/frame/State" ,
 "https://w3id.org/framester/framenet/abox/frame/Proximity_image_schema" , "https://w3id.org/framester/framenet/abox/frame/Image_schema" ,
 "https://w3id.org/framester/framenet/abox/frame/Body_description_holistic" , "https://w3id.org/framester/framenet/abox/frame/Attributes" ,
 "https://w3id.org/framester/framenet/abox/frame/Locale_by_characteristic_entity" , "https://w3id.org/framester/framenet/abox/frame/Locale" ,
 "https://w3id.org/framester/framenet/abox/frame/Exchange_currency" , "https://w3id.org/framester/framenet/abox/frame/Event" ,
 "https://w3id.org/framester/framenet/abox/frame/Attempt_distant_interaction_scenario" , "https://w3id.org/framester/framenet/abox/frame/Event" ,
 "https://w3id.org/framester/framenet/abox/frame/Team" , "https://w3id.org/framester/framenet/abox/frame/Aggregate" ,
 "https://w3id.org/framester/framenet/abox/frame/Infecting" , "https://w3id.org/framester/framenet/abox/frame/Event" ,
 "https://w3id.org/framester/framenet/abox/frame/Filling" , "https://w3id.org/framester/framenet/abox/frame/Event" ,
 "https://w3id.org/framester/framenet/abox/frame/Part_ordered_segments" , "https://w3id.org/framester/framenet/abox/frame/Being_included" ,
 "https://w3id.org/framester/framenet/abox/frame/Cause_to_end" , "https://w3id.org/framester/framenet/abox/frame/Event" ,
 "https://w3id.org/framester/framenet/abox/frame/Medical_conditions" , "https://w3id.org/framester/framenet/abox/frame/Attributes" ,
 "https://w3id.org/framester/framenet/abox/frame/Undergo_transformation" , "https://w3id.org/framester/framenet/abox/frame/Event" ,
 "https://w3id.org/framester/framenet/abox/frame/Tasting" , "https://w3id.org/framester/framenet/abox/frame/Scrutiny" ,
 "https://w3id.org/framester/framenet/abox/frame/Compatibility" , "https://w3id.org/framester/framenet/abox/frame/Attributes" ,
 "https://w3id.org/framester/framenet/abox/frame/Representative" , "https://w3id.org/framester/framenet/abox/frame/Entity" ,
 "https://w3id.org/framester/framenet/abox/frame/Intoxicants" , "https://w3id.org/framester/framenet/abox/frame/Entity" ,
 "https://w3id.org/framester/framenet/abox/frame/Transition_to_a_quality" , "https://w3id.org/framester/framenet/abox/frame/Event" ,
 "https://w3id.org/framester/framenet/abox/frame/Body_parts" , "https://w3id.org/framester/framenet/abox/frame/Being_included" ,
 "https://w3id.org/framester/framenet/abox/frame/Retaining" , "https://w3id.org/framester/framenet/abox/frame/Process_continue https://w3id.org/framester/framenet/abox/frame/Possession" ,
 "https://w3id.org/framester/framenet/abox/frame/Relational_location" , "https://w3id.org/framester/framenet/abox/frame/Locale" ,
 "https://w3id.org/framester/framenet/abox/frame/Losing_someone" , "https://w3id.org/framester/framenet/abox/frame/Event" ,
 "https://w3id.org/framester/framenet/abox/frame/Front_for" , "https://w3id.org/framester/framenet/abox/frame/Event" ,
 "https://w3id.org/framester/framenet/abox/frame/Traversing" , "https://w3id.org/framester/framenet/abox/frame/Event" ,
 "https://w3id.org/framester/framenet/abox/frame/Measure_volume" , "https://w3id.org/framester/framenet/abox/frame/Measures" ,
 "https://w3id.org/framester/framenet/abox/frame/Measure_area" , "https://w3id.org/framester/framenet/abox/frame/Measures" ,
 "https://w3id.org/framester/framenet/abox/frame/Expertise" , "https://w3id.org/framester/framenet/abox/frame/Attributes" ,
 "https://w3id.org/framester/framenet/abox/frame/Manipulate_into_doing" , "https://w3id.org/framester/framenet/abox/frame/Event" ,
 "https://w3id.org/framester/framenet/abox/frame/Event_endstate" , "https://w3id.org/framester/framenet/abox/frame/State" ,
 "https://w3id.org/framester/framenet/abox/frame/Intoxication" , "https://w3id.org/framester/framenet/abox/frame/Attributes" ,
 "https://w3id.org/framester/framenet/abox/frame/Indicating" , "https://w3id.org/framester/framenet/abox/frame/Mention" ,
 "https://w3id.org/framester/framenet/abox/frame/Judgment_of_intensity" , "https://w3id.org/framester/framenet/abox/frame/Attributes" ,
 "https://w3id.org/framester/framenet/abox/frame/Setting_out" , "https://w3id.org/framester/framenet/abox/frame/Event" ,
 "https://w3id.org/framester/framenet/abox/frame/Pre_transfer" , "https://w3id.org/framester/framenet/abox/frame/Possession" ,
 "https://w3id.org/framester/framenet/abox/frame/Transportation_status" , "https://w3id.org/framester/framenet/abox/frame/State" ,
 "https://w3id.org/framester/framenet/abox/frame/Difficulty" , "https://w3id.org/framester/framenet/abox/frame/Attributes" ,
 "https://w3id.org/framester/framenet/abox/frame/Encounter" , "https://w3id.org/framester/framenet/abox/frame/Event" ,
 "https://w3id.org/framester/framenet/abox/frame/Hospitality" , "https://w3id.org/framester/framenet/abox/frame/Attributes" ,
 "https://w3id.org/framester/framenet/abox/frame/Product_line" , "https://w3id.org/framester/framenet/abox/frame/Aggregate" ,
 "https://w3id.org/framester/framenet/abox/frame/Artifact" , "https://w3id.org/framester/framenet/abox/frame/Entity" ,
 "https://w3id.org/framester/framenet/abox/frame/Pre_receiving" , "https://w3id.org/framester/framenet/abox/frame/Possession" ,
 "https://w3id.org/framester/framenet/abox/frame/Gesture" , "https://w3id.org/framester/framenet/abox/frame/Event" ,
 "https://w3id.org/framester/framenet/abox/frame/Adjacency" , "https://w3id.org/framester/framenet/abox/frame/State https://w3id.org/framester/framenet/abox/frame/Relation" ,
 "https://w3id.org/framester/framenet/abox/frame/Translating" , "https://w3id.org/framester/framenet/abox/frame/Event" ,
 "https://w3id.org/framester/framenet/abox/frame/Use_firearm" , "https://w3id.org/framester/framenet/abox/frame/Event" ,
 "https://w3id.org/framester/framenet/abox/frame/Downing" , "https://w3id.org/framester/framenet/abox/frame/Event" ,
 "https://w3id.org/framester/framenet/abox/frame/Rescuing" , "https://w3id.org/framester/framenet/abox/frame/Event" ,
 "https://w3id.org/framester/framenet/abox/frame/Manufacturing" , "https://w3id.org/framester/framenet/abox/frame/Event" ,
 "https://w3id.org/framester/framenet/abox/frame/Revenge" , "https://w3id.org/framester/framenet/abox/frame/Event" ,
 "https://w3id.org/framester/framenet/abox/frame/Post_receiving" , "https://w3id.org/framester/framenet/abox/frame/Possession" ,
 "https://w3id.org/framester/framenet/abox/frame/Avoiding" , "https://w3id.org/framester/framenet/abox/frame/Event" ,
 "https://w3id.org/framester/framenet/abox/frame/Fear" , "https://w3id.org/framester/framenet/abox/frame/State" ,
 "https://w3id.org/framester/framenet/abox/frame/Arson" , "https://w3id.org/framester/framenet/abox/frame/Offenses" ,
 "https://w3id.org/framester/framenet/abox/frame/Having_or_lacking_access" , "https://w3id.org/framester/framenet/abox/frame/Attributes https://w3id.org/framester/framenet/abox/frame/Possibility" ,
 "https://w3id.org/framester/framenet/abox/frame/Create_physical_artwork" , "https://w3id.org/framester/framenet/abox/frame/Event" ,
 "https://w3id.org/framester/framenet/abox/frame/Certainty" , "https://w3id.org/framester/framenet/abox/frame/Attributes" ,
 "https://w3id.org/framester/framenet/abox/frame/Shoot_projectiles" , "https://w3id.org/framester/framenet/abox/frame/Event" ,
 "https://w3id.org/framester/framenet/abox/frame/Seeking" , "https://w3id.org/framester/framenet/abox/frame/Event" ,
 "https://w3id.org/framester/framenet/abox/frame/Firing" , "https://w3id.org/framester/framenet/abox/frame/Event https://w3id.org/framester/framenet/abox/frame/Employment_end" ,
 "https://w3id.org/framester/framenet/abox/frame/Actually_occurring_entity" , "https://w3id.org/framester/framenet/abox/frame/Entity" ,
 "https://w3id.org/framester/framenet/abox/frame/Capacity" , "https://w3id.org/framester/framenet/abox/frame/Attributes https://w3id.org/framester/framenet/abox/frame/Possibility" ,
 "https://w3id.org/framester/framenet/abox/frame/Documents" , "https://w3id.org/framester/framenet/abox/frame/Entity" ,
 "https://w3id.org/framester/framenet/abox/frame/Store" , "https://w3id.org/framester/framenet/abox/frame/Aggregate" ,
 "https://w3id.org/framester/framenet/abox/frame/Emotion_active" , "https://w3id.org/framester/framenet/abox/frame/Cogitation" ,
 "https://w3id.org/framester/framenet/abox/frame/Preferred_alternative_scenario" , "https://w3id.org/framester/framenet/abox/frame/Alternativity" ,
 "https://w3id.org/framester/framenet/abox/frame/Price_per_unit" , "https://w3id.org/framester/framenet/abox/frame/Relational_quantity" ,
 "https://w3id.org/framester/framenet/abox/frame/Fragmentation_scenario" , "https://w3id.org/framester/framenet/abox/frame/Becoming_separated" ,
 "https://w3id.org/framester/framenet/abox/frame/Risky_situation" , "https://w3id.org/framester/framenet/abox/frame/Attributes" ,
 "https://w3id.org/framester/framenet/abox/frame/Emptying" , "https://w3id.org/framester/framenet/abox/frame/Event" ,
 "https://w3id.org/framester/framenet/abox/frame/Sound_level" , "https://w3id.org/framester/framenet/abox/frame/Attributes" ,
 "https://w3id.org/framester/framenet/abox/frame/Prominence" , "https://w3id.org/framester/framenet/abox/frame/Attributes" ,
 "https://w3id.org/framester/framenet/abox/frame/Grinding" , "https://w3id.org/framester/framenet/abox/frame/Event" ,
 "https://w3id.org/framester/framenet/abox/frame/Visiting_scenario_departing" , "https://w3id.org/framester/framenet/abox/frame/Event" ,
 "https://w3id.org/framester/framenet/abox/frame/Gradable_proximity" , "https://w3id.org/framester/framenet/abox/frame/State https://w3id.org/framester/framenet/abox/frame/Relation" ,
 "https://w3id.org/framester/framenet/abox/frame/Commercial_transaction" , "https://w3id.org/framester/framenet/abox/frame/Reciprocality" ,
 "https://w3id.org/framester/framenet/abox/frame/Supply" , "https://w3id.org/framester/framenet/abox/frame/Event" ,
 "https://w3id.org/framester/framenet/abox/frame/Becoming_visible" , "https://w3id.org/framester/framenet/abox/frame/Event" ,
 "https://w3id.org/framester/framenet/abox/frame/Receiving" , "https://w3id.org/framester/framenet/abox/frame/Event" ,
 "https://w3id.org/framester/framenet/abox/frame/Cause_change_of_position_on_a_scale" , "https://w3id.org/framester/framenet/abox/frame/Event" ,
 "https://w3id.org/framester/framenet/abox/frame/Mental_property" , "https://w3id.org/framester/framenet/abox/frame/Attributes" ,
 "https://w3id.org/framester/framenet/abox/frame/Passing" , "https://w3id.org/framester/framenet/abox/frame/Event" ,
 "https://w3id.org/framester/framenet/abox/frame/Chemical-sense_description" , "https://w3id.org/framester/framenet/abox/frame/Attributes" ,
 "https://w3id.org/framester/framenet/abox/frame/Part_orientational" , "https://w3id.org/framester/framenet/abox/frame/Being_included" ,
 "https://w3id.org/framester/framenet/abox/frame/Relational_political_locales" , "https://w3id.org/framester/framenet/abox/frame/Locale" ,
 "https://w3id.org/framester/framenet/abox/frame/Chemical_potency" , "https://w3id.org/framester/framenet/abox/frame/Attributes" ,
 "https://w3id.org/framester/framenet/abox/frame/Daring" , "https://w3id.org/framester/framenet/abox/frame/Event" ,
 "https://w3id.org/framester/framenet/abox/frame/Choosing" , "https://w3id.org/framester/framenet/abox/frame/Event https://w3id.org/framester/framenet/abox/frame/Deciding" ,
 "https://w3id.org/framester/framenet/abox/frame/Ingestion" , "https://w3id.org/framester/framenet/abox/frame/Event" ,
 "https://w3id.org/framester/framenet/abox/frame/Attending" , "https://w3id.org/framester/framenet/abox/frame/Event" ,
 "https://w3id.org/framester/framenet/abox/frame/Identicality" , "https://w3id.org/framester/framenet/abox/frame/Relation" ,
 "https://w3id.org/framester/framenet/abox/frame/Trust" , "https://w3id.org/framester/framenet/abox/frame/Attributes" ,
 "https://w3id.org/framester/framenet/abox/frame/Biological_entity" , "https://w3id.org/framester/framenet/abox/frame/Entity" ,
 "https://w3id.org/framester/framenet/abox/frame/Commerce_collect" , "https://w3id.org/framester/framenet/abox/frame/Event" ,
 "https://w3id.org/framester/framenet/abox/frame/Dodging" , "https://w3id.org/framester/framenet/abox/frame/Event" ,
 "https://w3id.org/framester/framenet/abox/frame/Earnings_and_losses" , "https://w3id.org/framester/framenet/abox/frame/Event" ,
 "https://w3id.org/framester/framenet/abox/frame/Soaking" , "https://w3id.org/framester/framenet/abox/frame/Event" ,
 "https://w3id.org/framester/framenet/abox/frame/Sociability" , "https://w3id.org/framester/framenet/abox/frame/Attributes" ,
 "https://w3id.org/framester/framenet/abox/frame/Imprisonment" , "https://w3id.org/framester/framenet/abox/frame/Event" ,
 "https://w3id.org/framester/framenet/abox/frame/Attention" , "https://w3id.org/framester/framenet/abox/frame/State" ,
 "https://w3id.org/framester/framenet/abox/frame/Manipulate_into_shape" , "https://w3id.org/framester/framenet/abox/frame/Event" ,
 "https://w3id.org/framester/framenet/abox/frame/Social_desirability" , "https://w3id.org/framester/framenet/abox/frame/Attributes" ,
 "https://w3id.org/framester/framenet/abox/frame/Part_whole" , "https://w3id.org/framester/framenet/abox/frame/Being_included" ,
 "https://w3id.org/framester/framenet/abox/frame/Mathematical_relationship" , "https://w3id.org/framester/framenet/abox/frame/Reciprocality" ,
 "https://w3id.org/framester/framenet/abox/frame/Artificiality" , "https://w3id.org/framester/framenet/abox/frame/Attributes" ,
 "https://w3id.org/framester/framenet/abox/frame/Cause_to_make_progress" , "https://w3id.org/framester/framenet/abox/frame/Event" ,
 "https://w3id.org/framester/framenet/abox/frame/Extradition" , "https://w3id.org/framester/framenet/abox/frame/Event" ,
 "https://w3id.org/framester/framenet/abox/frame/Body_description_part" , "https://w3id.org/framester/framenet/abox/frame/Attributes" ,
 "https://w3id.org/framester/framenet/abox/frame/Separating" , "https://w3id.org/framester/framenet/abox/frame/Event" ,
 "https://w3id.org/framester/framenet/abox/frame/Gradable_artistic_quality" , "https://w3id.org/framester/framenet/abox/frame/Attributes" ,
 "https://w3id.org/framester/framenet/abox/frame/Duration_description" , "https://w3id.org/framester/framenet/abox/frame/Attributes" ,
 "https://w3id.org/framester/framenet/abox/frame/Age" , "https://w3id.org/framester/framenet/abox/frame/Attributes" ,
 "https://w3id.org/framester/framenet/abox/frame/Desiring" , "https://w3id.org/framester/framenet/abox/frame/Experiencer_focus" ,
 "https://w3id.org/framester/framenet/abox/frame/Visiting" , "https://w3id.org/framester/framenet/abox/frame/Event https://w3id.org/framester/framenet/abox/frame/Visiting_scenario_stay https://w3id.org/framester/framenet/abox/frame/State" ,
 "https://w3id.org/framester/framenet/abox/frame/Cause_to_make_noise" , "https://w3id.org/framester/framenet/abox/frame/Event" ,
 "https://w3id.org/framester/framenet/abox/frame/Rejuvenation" , "https://w3id.org/framester/framenet/abox/frame/Event" ,
 "https://w3id.org/framester/framenet/abox/frame/Strictness" , "https://w3id.org/framester/framenet/abox/frame/Attributes" ,
 "https://w3id.org/framester/framenet/abox/frame/Arriving" , "https://w3id.org/framester/framenet/abox/frame/Event" ,
 "https://w3id.org/framester/framenet/abox/frame/Rising_to_a_challenge" , "https://w3id.org/framester/framenet/abox/frame/Satisfying" ,
 "https://w3id.org/framester/framenet/abox/frame/Connectors" , "https://w3id.org/framester/framenet/abox/frame/Entity" ,
 "https://w3id.org/framester/framenet/abox/frame/Just_found_out" , "https://w3id.org/framester/framenet/abox/frame/State" ,
 "https://w3id.org/framester/framenet/abox/frame/Cause_to_move_in_place" , "https://w3id.org/framester/framenet/abox/frame/Event" ,
 "https://w3id.org/framester/framenet/abox/frame/Renting" , "https://w3id.org/framester/framenet/abox/frame/Event" ,
 "https://w3id.org/framester/framenet/abox/frame/Usefulness" , "https://w3id.org/framester/framenet/abox/frame/Attributes" ,
 "https://w3id.org/framester/framenet/abox/frame/Cause_to_be_included" , "https://w3id.org/framester/framenet/abox/frame/Event" ,
 "https://w3id.org/framester/framenet/abox/frame/Process_pause" , "https://w3id.org/framester/framenet/abox/frame/Event" ,
 "https://w3id.org/framester/framenet/abox/frame/Medical_professionals" , "https://w3id.org/framester/framenet/abox/frame/Entity" ,
 "https://w3id.org/framester/framenet/abox/frame/Vehicle_subpart" , "https://w3id.org/framester/framenet/abox/frame/Being_included" ,
 "https://w3id.org/framester/framenet/abox/frame/Being_operational" , "https://w3id.org/framester/framenet/abox/frame/Attributes https://w3id.org/framester/framenet/abox/frame/Possibility" ,
 "https://w3id.org/framester/framenet/abox/frame/Attempt_obtain_mineral_scenario" , "https://w3id.org/framester/framenet/abox/frame/Event" ,
 "https://w3id.org/framester/framenet/abox/frame/Social_connection" , "https://w3id.org/framester/framenet/abox/frame/Relation" ,
 "https://w3id.org/framester/framenet/abox/frame/Biological_classification" , "https://w3id.org/framester/framenet/abox/frame/Type" ,
 "https://w3id.org/framester/framenet/abox/frame/Absorb_heat" , "https://w3id.org/framester/framenet/abox/frame/Event" ,
 "https://w3id.org/framester/framenet/abox/frame/Rate_quantification" , "https://w3id.org/framester/framenet/abox/frame/Relational_quantity" ,
 "https://w3id.org/framester/framenet/abox/frame/Subversion" , "https://w3id.org/framester/framenet/abox/frame/Preventing_or_letting" ,
 "https://w3id.org/framester/framenet/abox/frame/Lively_place" , "https://w3id.org/framester/framenet/abox/frame/State https://w3id.org/framester/framenet/abox/frame/Relation https://w3id.org/framester/framenet/abox/frame/Attributes" ,
 "https://w3id.org/framester/framenet/abox/frame/Process_end" , "https://w3id.org/framester/framenet/abox/frame/Event" ,
 "https://w3id.org/framester/framenet/abox/frame/Cause_to_wake" , "https://w3id.org/framester/framenet/abox/frame/Event" ,
 "https://w3id.org/framester/framenet/abox/frame/Make_acquaintance" , "https://w3id.org/framester/framenet/abox/frame/Reciprocality" ,
 "https://w3id.org/framester/framenet/abox/frame/Position_on_a_scale" , "https://w3id.org/framester/framenet/abox/frame/Attributes" ,
 "https://w3id.org/framester/framenet/abox/frame/System" , "https://w3id.org/framester/framenet/abox/frame/Set_of_interrelated_entities" ,
 "https://w3id.org/framester/framenet/abox/frame/Cause_to_be_dry" , "https://w3id.org/framester/framenet/abox/frame/Event" ,
 "https://w3id.org/framester/framenet/abox/frame/Historic_event" , "https://w3id.org/framester/framenet/abox/frame/Event" ,
 "https://w3id.org/framester/framenet/abox/frame/Activity_done_state" , "https://w3id.org/framester/framenet/abox/frame/State" ,
 "https://w3id.org/framester/framenet/abox/frame/Knot_creation" , "https://w3id.org/framester/framenet/abox/frame/Event" ,
 "https://w3id.org/framester/framenet/abox/frame/Visiting_scenario_arrival" , "https://w3id.org/framester/framenet/abox/frame/Event" ,
 "https://w3id.org/framester/framenet/abox/frame/Punctual_perception" , "https://w3id.org/framester/framenet/abox/frame/Perception" ,
 "https://w3id.org/framester/framenet/abox/frame/People_by_origin" , "https://w3id.org/framester/framenet/abox/frame/Entity" ,
 "https://w3id.org/framester/framenet/abox/frame/Plants" , "https://w3id.org/framester/framenet/abox/frame/Entity" ,
 "https://w3id.org/framester/framenet/abox/frame/Removing" , "https://w3id.org/framester/framenet/abox/frame/Event" ,
 "https://w3id.org/framester/framenet/abox/frame/Interior_profile_relation" , "https://w3id.org/framester/framenet/abox/frame/State https://w3id.org/framester/framenet/abox/frame/Relation" ,
 "https://w3id.org/framester/framenet/abox/frame/Preliminaries" , "https://w3id.org/framester/framenet/abox/frame/Means" ,
 "https://w3id.org/framester/framenet/abox/frame/Fluidic_motion" , "https://w3id.org/framester/framenet/abox/frame/Event" ,
 "https://w3id.org/framester/framenet/abox/frame/Scarcity" , "https://w3id.org/framester/framenet/abox/frame/Attributes" ,
 "https://w3id.org/framester/framenet/abox/frame/Accompaniment" , "https://w3id.org/framester/framenet/abox/frame/Relation" ,
 "https://w3id.org/framester/framenet/abox/frame/Partitive" , "https://w3id.org/framester/framenet/abox/frame/Relation" ,
 "https://w3id.org/framester/framenet/abox/frame/Substance" , "https://w3id.org/framester/framenet/abox/frame/Entity" ,
 "https://w3id.org/framester/framenet/abox/frame/Partiality" , "https://w3id.org/framester/framenet/abox/frame/Attributes" ,
 "https://w3id.org/framester/framenet/abox/frame/Attempt_means" , "https://w3id.org/framester/framenet/abox/frame/Event" ,
 "https://w3id.org/framester/framenet/abox/frame/Pre_lose_possession" , "https://w3id.org/framester/framenet/abox/frame/Possession" ,
 "https://w3id.org/framester/framenet/abox/frame/Being_dry" , "https://w3id.org/framester/framenet/abox/frame/Attributes" ,
 "https://w3id.org/framester/framenet/abox/frame/Grooming" , "https://w3id.org/framester/framenet/abox/frame/Event" ,
 "https://w3id.org/framester/framenet/abox/frame/Cause_fluidic_motion" , "https://w3id.org/framester/framenet/abox/frame/Event" ,
 "https://w3id.org/framester/framenet/abox/frame/Legal_rulings" , "https://w3id.org/framester/framenet/abox/frame/Event" ,
 "https://w3id.org/framester/framenet/abox/frame/Cause_to_continue" , "https://w3id.org/framester/framenet/abox/frame/Event" ,
 "https://w3id.org/framester/framenet/abox/frame/Rope_manipulation" , "https://w3id.org/framester/framenet/abox/frame/Event" ,
 "https://w3id.org/framester/framenet/abox/frame/Obviousness" , "https://w3id.org/framester/framenet/abox/frame/Attributes" ,
 "https://w3id.org/framester/framenet/abox/frame/Change_position_on_a_scale" , "https://w3id.org/framester/framenet/abox/frame/Event" ,
 "https://w3id.org/framester/framenet/abox/frame/Transition_to_state" , "https://w3id.org/framester/framenet/abox/frame/Event" ,
 "https://w3id.org/framester/framenet/abox/frame/Cotheme" , "https://w3id.org/framester/framenet/abox/frame/Event" ,
 "https://w3id.org/framester/framenet/abox/frame/Locale_by_ownership" , "https://w3id.org/framester/framenet/abox/frame/Locale" ,
 "https://w3id.org/framester/framenet/abox/frame/Desirable_event" , "https://w3id.org/framester/framenet/abox/frame/Attributes" ,
 "https://w3id.org/framester/framenet/abox/frame/Quantity" , "https://w3id.org/framester/framenet/abox/frame/Dimension" ,
 "https://w3id.org/framester/framenet/abox/frame/Appointing" , "https://w3id.org/framester/framenet/abox/frame/Event" ,
 "https://w3id.org/framester/framenet/abox/frame/Recording" , "https://w3id.org/framester/framenet/abox/frame/Statement" ,
 "https://w3id.org/framester/framenet/abox/frame/Diversity" , "https://w3id.org/framester/framenet/abox/frame/Attributes https://w3id.org/framester/framenet/abox/frame/Reciprocality" ,
 "https://w3id.org/framester/framenet/abox/frame/Expectation" , "https://w3id.org/framester/framenet/abox/frame/Mental_activity" ,
 "https://w3id.org/framester/framenet/abox/frame/Using" , "https://w3id.org/framester/framenet/abox/frame/Event" ,
 "https://w3id.org/framester/framenet/abox/frame/Experience_bodily_harm" , "https://w3id.org/framester/framenet/abox/frame/Event" ,
 "https://w3id.org/framester/framenet/abox/frame/Social_event_collective" , "https://w3id.org/framester/framenet/abox/frame/Social_event" ,
 "https://w3id.org/framester/framenet/abox/frame/Self_motion" , "https://w3id.org/framester/framenet/abox/frame/Event" ,
 "https://w3id.org/framester/framenet/abox/frame/Measure_by_action" , "https://w3id.org/framester/framenet/abox/frame/Measures" ,
 "https://w3id.org/framester/framenet/abox/frame/Give_impression" , "https://w3id.org/framester/framenet/abox/frame/Perception" ,
 "https://w3id.org/framester/framenet/abox/frame/Activity_start" , "https://w3id.org/framester/framenet/abox/frame/Event" ,
 "https://w3id.org/framester/framenet/abox/frame/People" , "https://w3id.org/framester/framenet/abox/frame/Entity" ,
 "https://w3id.org/framester/framenet/abox/frame/Attack" , "https://w3id.org/framester/framenet/abox/frame/Event" ,
 "https://w3id.org/framester/framenet/abox/frame/Cycle_of_life_and_death" , "https://w3id.org/framester/framenet/abox/frame/Cycle_of_existence_scenario" ,
 "https://w3id.org/framester/framenet/abox/frame/Rape" , "https://w3id.org/framester/framenet/abox/frame/Event" ,
 "https://w3id.org/framester/framenet/abox/frame/Size" , "https://w3id.org/framester/framenet/abox/frame/Attributes" ,
 "https://w3id.org/framester/framenet/abox/frame/Distributed_position" , "https://w3id.org/framester/framenet/abox/frame/State https://w3id.org/framester/framenet/abox/frame/Relation" ,
 "https://w3id.org/framester/framenet/abox/frame/Negation" , "https://w3id.org/framester/framenet/abox/frame/Alternativity" ,
 "https://w3id.org/framester/framenet/abox/frame/Victim_operated_IED" , "https://w3id.org/framester/framenet/abox/frame/Entity" ,
 "https://w3id.org/framester/framenet/abox/frame/Request_entity" , "https://w3id.org/framester/framenet/abox/frame/Request" ,
 "https://w3id.org/framester/framenet/abox/frame/Confronting_problem" , "https://w3id.org/framester/framenet/abox/frame/Event" ,
 "https://w3id.org/framester/framenet/abox/frame/Closure" , "https://w3id.org/framester/framenet/abox/frame/Event" ,
 "https://w3id.org/framester/framenet/abox/frame/Agree_or_refuse_to_act" , "https://w3id.org/framester/framenet/abox/frame/Respond_to_proposal" ,
 "https://w3id.org/framester/framenet/abox/frame/Event_initial_state" , "https://w3id.org/framester/framenet/abox/frame/State" ,
 "https://w3id.org/framester/framenet/abox/frame/Sharing" , "https://w3id.org/framester/framenet/abox/frame/Reciprocality" ,
 "https://w3id.org/framester/framenet/abox/frame/Ammunition" , "https://w3id.org/framester/framenet/abox/frame/Entity" ,
 "https://w3id.org/framester/framenet/abox/frame/Locale_by_collocation" , "https://w3id.org/framester/framenet/abox/frame/Locale" ,
 "https://w3id.org/framester/framenet/abox/frame/Misdeed" , "https://w3id.org/framester/framenet/abox/frame/Event" ,
 "https://w3id.org/framester/framenet/abox/frame/Commerce_goods-transfer" , "https://w3id.org/framester/framenet/abox/frame/Event" ,
 "https://w3id.org/framester/framenet/abox/frame/Assigned_location" , "https://w3id.org/framester/framenet/abox/frame/Locale" ,
 "https://w3id.org/framester/framenet/abox/frame/Clothing" , "https://w3id.org/framester/framenet/abox/frame/Entity" ,
 "https://w3id.org/framester/framenet/abox/frame/Shopping" , "https://w3id.org/framester/framenet/abox/frame/Event" ,
 "https://w3id.org/framester/framenet/abox/frame/Being_located" , "https://w3id.org/framester/framenet/abox/frame/State" ,
 "https://w3id.org/framester/framenet/abox/frame/Assessing" , "https://w3id.org/framester/framenet/abox/frame/Cogitation" ,
 "https://w3id.org/framester/framenet/abox/frame/Vocalizations" , "https://w3id.org/framester/framenet/abox/frame/Sounds" ,
 "https://w3id.org/framester/framenet/abox/frame/Patrolling" , "https://w3id.org/framester/framenet/abox/frame/Scrutiny" ,
 "https://w3id.org/framester/framenet/abox/frame/Dead_or_alive" , "https://w3id.org/framester/framenet/abox/frame/State" ,
 "https://w3id.org/framester/framenet/abox/frame/Social_behavior_evaluation" , "https://w3id.org/framester/framenet/abox/frame/Attributes" ,
 "https://w3id.org/framester/framenet/abox/frame/Set_relation" , "https://w3id.org/framester/framenet/abox/frame/Inclusion_scenario" ,
 "https://w3id.org/framester/framenet/abox/frame/Summarizing" , "https://w3id.org/framester/framenet/abox/frame/Event" ,
 "https://w3id.org/framester/framenet/abox/frame/Commerce_pay" , "https://w3id.org/framester/framenet/abox/frame/Event" ,
 "https://w3id.org/framester/framenet/abox/frame/Temporary_leave" , "https://w3id.org/framester/framenet/abox/frame/State https://w3id.org/framester/framenet/abox/frame/Relation" ,
 "https://w3id.org/framester/framenet/abox/frame/Communication_manner" , "https://w3id.org/framester/framenet/abox/frame/Event" ,
 "https://w3id.org/framester/framenet/abox/frame/Buildings" , "https://w3id.org/framester/framenet/abox/frame/Entity" ,
 "https://w3id.org/framester/framenet/abox/frame/Seeking_to_achieve" , "https://w3id.org/framester/framenet/abox/frame/Event" ,
 "https://w3id.org/framester/framenet/abox/frame/Predicament" , "https://w3id.org/framester/framenet/abox/frame/State" ,
 "https://w3id.org/framester/framenet/abox/frame/Visit_host_departure" , "https://w3id.org/framester/framenet/abox/frame/Event" ,
 "https://w3id.org/framester/framenet/abox/frame/Biological_urge" , "https://w3id.org/framester/framenet/abox/frame/Attributes" ,
 "https://w3id.org/framester/framenet/abox/frame/Forging" , "https://w3id.org/framester/framenet/abox/frame/Event" ,
 "https://w3id.org/framester/framenet/abox/frame/Collocation_image_schema" , "https://w3id.org/framester/framenet/abox/frame/Image_schema" ,
 "https://w3id.org/framester/framenet/abox/frame/Trendiness" , "https://w3id.org/framester/framenet/abox/frame/Attributes" ,
 "https://w3id.org/framester/framenet/abox/frame/Memorization" , "https://w3id.org/framester/framenet/abox/frame/Cogitation" ,
 "https://w3id.org/framester/framenet/abox/frame/Intentionally_act" , "https://w3id.org/framester/framenet/abox/frame/Event" ,
 "https://w3id.org/framester/framenet/abox/frame/Visit_host_arrival" , "https://w3id.org/framester/framenet/abox/frame/Event" ,
 "https://w3id.org/framester/framenet/abox/frame/Container_focused_placing" , "https://w3id.org/framester/framenet/abox/frame/Event" ,
 "https://w3id.org/framester/framenet/abox/frame/Amalgamation" , "https://w3id.org/framester/framenet/abox/frame/Reciprocality" ,
 "https://w3id.org/framester/framenet/abox/frame/Rotting" , "https://w3id.org/framester/framenet/abox/frame/Event" ,
 "https://w3id.org/framester/framenet/abox/frame/Activity_ready_state" , "https://w3id.org/framester/framenet/abox/frame/State" ,
 "https://w3id.org/framester/framenet/abox/frame/Motion_noise" , "https://w3id.org/framester/framenet/abox/frame/Event" ,
 "https://w3id.org/framester/framenet/abox/frame/Cooking_creation" , "https://w3id.org/framester/framenet/abox/frame/Event" ,
 "https://w3id.org/framester/framenet/abox/frame/Short_selling" , "https://w3id.org/framester/framenet/abox/frame/Event" ,
 "https://w3id.org/framester/framenet/abox/frame/Abusing" , "https://w3id.org/framester/framenet/abox/frame/Event" ,
 "https://w3id.org/framester/framenet/abox/frame/Hiding_objects" , "https://w3id.org/framester/framenet/abox/frame/Event" ,
 "https://w3id.org/framester/framenet/abox/frame/Attitude_description" , "https://w3id.org/framester/framenet/abox/frame/Attributes" ,
 "https://w3id.org/framester/framenet/abox/frame/Discussion" , "https://w3id.org/framester/framenet/abox/frame/Reciprocality" ,
 "https://w3id.org/framester/framenet/abox/frame/Guest_and_host" , "https://w3id.org/framester/framenet/abox/frame/Relation" ,
 "https://w3id.org/framester/framenet/abox/frame/Becoming_dry" , "https://w3id.org/framester/framenet/abox/frame/Event" ,
 "https://w3id.org/framester/framenet/abox/frame/Verification" , "https://w3id.org/framester/framenet/abox/frame/Scrutiny" ,
 "https://w3id.org/framester/framenet/abox/frame/Being_in_operation" , "https://w3id.org/framester/framenet/abox/frame/State" ,
 "https://w3id.org/framester/framenet/abox/frame/Hiring" , "https://w3id.org/framester/framenet/abox/frame/Event" ,
 "https://w3id.org/framester/framenet/abox/frame/Verdict" , "https://w3id.org/framester/framenet/abox/frame/Event" ,
 "https://w3id.org/framester/framenet/abox/frame/Preserving" , "https://w3id.org/framester/framenet/abox/frame/Event" ,
 "https://w3id.org/framester/framenet/abox/frame/Make_compromise" , "https://w3id.org/framester/framenet/abox/frame/Make_agreement_on_action" ,
 "https://w3id.org/framester/framenet/abox/frame/Time_vector" , "https://w3id.org/framester/framenet/abox/frame/Relation" ,
 "https://w3id.org/framester/framenet/abox/frame/Exchange" , "https://w3id.org/framester/framenet/abox/frame/Event https://w3id.org/framester/framenet/abox/frame/Reciprocality" ,
 "https://w3id.org/framester/framenet/abox/frame/Meet_specifications" , "https://w3id.org/framester/framenet/abox/frame/Satisfying" ,
 "https://w3id.org/framester/framenet/abox/frame/Visitor_arrival" , "https://w3id.org/framester/framenet/abox/frame/Event" ,
 "https://w3id.org/framester/framenet/abox/frame/Hostile_encounter" , "https://w3id.org/framester/framenet/abox/frame/Event" ,
 "https://w3id.org/framester/framenet/abox/frame/Race_descriptor" , "https://w3id.org/framester/framenet/abox/frame/Attributes" ,
 "https://w3id.org/framester/framenet/abox/frame/Destiny" , "https://w3id.org/framester/framenet/abox/frame/Event" ,
 "https://w3id.org/framester/framenet/abox/frame/Eventive_affecting" , "https://w3id.org/framester/framenet/abox/frame/Event" ,
 "https://w3id.org/framester/framenet/abox/frame/Event_instance" , "https://w3id.org/framester/framenet/abox/frame/Instance" ,
 "https://w3id.org/framester/framenet/abox/frame/Fire_emergency_scenario" , "https://w3id.org/framester/framenet/abox/frame/Disaster_scenario" ,
 "https://w3id.org/framester/framenet/abox/frame/Coincidence" , "https://w3id.org/framester/framenet/abox/frame/Event" ,
 "https://w3id.org/framester/framenet/abox/frame/Process_uncompleted_state" , "https://w3id.org/framester/framenet/abox/frame/State" ,
 "https://w3id.org/framester/framenet/abox/frame/Execution" , "https://w3id.org/framester/framenet/abox/frame/Event" ,
 "https://w3id.org/framester/framenet/abox/frame/Contrary_circumstances" , "https://w3id.org/framester/framenet/abox/frame/Concessive" ,
 "https://w3id.org/framester/framenet/abox/frame/Bounded_region" , "https://w3id.org/framester/framenet/abox/frame/Image_schema" ,
 "https://w3id.org/framester/framenet/abox/frame/Sensation" , "https://w3id.org/framester/framenet/abox/frame/Perception" ,
 "https://w3id.org/framester/framenet/abox/frame/Notability" , "https://w3id.org/framester/framenet/abox/frame/Attributes" ,
 "https://w3id.org/framester/framenet/abox/frame/Reparation" , "https://w3id.org/framester/framenet/abox/frame/Event" ,
 "https://w3id.org/framester/framenet/abox/frame/Locale_by_use" , "https://w3id.org/framester/framenet/abox/frame/Locale" ,
 "https://w3id.org/framester/framenet/abox/frame/Hit_target" , "https://w3id.org/framester/framenet/abox/frame/Event" ,
 "https://w3id.org/framester/framenet/abox/frame/Ineffability" , "https://w3id.org/framester/framenet/abox/frame/Stimulus_focus" ,
 "https://w3id.org/framester/framenet/abox/frame/Dispersal" , "https://w3id.org/framester/framenet/abox/frame/Event" ,
 "https://w3id.org/framester/framenet/abox/frame/Sequence" , "https://w3id.org/framester/framenet/abox/frame/Relation" ,
 "https://w3id.org/framester/framenet/abox/frame/Departing" , "https://w3id.org/framester/framenet/abox/frame/Event" ,
 "https://w3id.org/framester/framenet/abox/frame/Arraignment" , "https://w3id.org/framester/framenet/abox/frame/Process" ,
 "https://w3id.org/framester/framenet/abox/frame/Be_in_agreement_on_assessment" , "https://w3id.org/framester/framenet/abox/frame/Attributes https://w3id.org/framester/framenet/abox/frame/Reciprocality" ,
 "https://w3id.org/framester/framenet/abox/frame/Change_resistance" , "https://w3id.org/framester/framenet/abox/frame/Event" ,
 "https://w3id.org/framester/framenet/abox/frame/Similarity" , "https://w3id.org/framester/framenet/abox/frame/Attributes https://w3id.org/framester/framenet/abox/frame/Reciprocality" ,
 "https://w3id.org/framester/framenet/abox/frame/Weapon" , "https://w3id.org/framester/framenet/abox/frame/Entity" ,
 "https://w3id.org/framester/framenet/abox/frame/Margin_of_resolution" , "https://w3id.org/framester/framenet/abox/frame/Attributes" ,
 "https://w3id.org/framester/framenet/abox/frame/Personal_success" , "https://w3id.org/framester/framenet/abox/frame/Attributes" ,
 "https://w3id.org/framester/framenet/abox/frame/Supporting" , "https://w3id.org/framester/framenet/abox/frame/Event" ,
 "https://w3id.org/framester/framenet/abox/frame/Arithmetic_non-commutative" , "https://w3id.org/framester/framenet/abox/frame/Reciprocality" ,
 "https://w3id.org/framester/framenet/abox/frame/Physical_entity" , "https://w3id.org/framester/framenet/abox/frame/Entity" ,
 "https://w3id.org/framester/framenet/abox/frame/Emotions_by_stimulus" , "https://w3id.org/framester/framenet/abox/frame/State" ,
 "https://w3id.org/framester/framenet/abox/frame/Limiting" , "https://w3id.org/framester/framenet/abox/frame/Event" ,
 "https://w3id.org/framester/framenet/abox/frame/Praiseworthiness" , "https://w3id.org/framester/framenet/abox/frame/Attributes" ,
 "https://w3id.org/framester/framenet/abox/frame/Judgment_direct_address" , "https://w3id.org/framester/framenet/abox/frame/Judgment_communication" ,
 "https://w3id.org/framester/framenet/abox/frame/Response" , "https://w3id.org/framester/framenet/abox/frame/Event" ,
 "https://w3id.org/framester/framenet/abox/frame/Predicting" , "https://w3id.org/framester/framenet/abox/frame/Statement" ,
 "https://w3id.org/framester/framenet/abox/frame/Scouring" , "https://w3id.org/framester/framenet/abox/frame/Scrutiny" ,
 "https://w3id.org/framester/framenet/abox/frame/Waking_up" , "https://w3id.org/framester/framenet/abox/frame/Event" ,
 "https://w3id.org/framester/framenet/abox/frame/Vehicle" , "https://w3id.org/framester/framenet/abox/frame/Entity" ,
 "https://w3id.org/framester/framenet/abox/frame/Achieving_first" , "https://w3id.org/framester/framenet/abox/frame/Event" ,
 "https://w3id.org/framester/framenet/abox/frame/Being_attached" , "https://w3id.org/framester/framenet/abox/frame/State https://w3id.org/framester/framenet/abox/frame/Reciprocality" ,
 "https://w3id.org/framester/framenet/abox/frame/Accoutrements" , "https://w3id.org/framester/framenet/abox/frame/Entity" ,
 "https://w3id.org/framester/framenet/abox/frame/Frugality" , "https://w3id.org/framester/framenet/abox/frame/Attributes" ,
 "https://w3id.org/framester/framenet/abox/frame/People_by_residence" , "https://w3id.org/framester/framenet/abox/frame/Entity" ,
 "https://w3id.org/framester/framenet/abox/frame/Reading_perception" , "https://w3id.org/framester/framenet/abox/frame/Scrutiny https://w3id.org/framester/framenet/abox/frame/Reading_activity" ,
 "https://w3id.org/framester/framenet/abox/frame/Communication" , "https://w3id.org/framester/framenet/abox/frame/Event" ,
 "https://w3id.org/framester/framenet/abox/frame/Halt" , "https://w3id.org/framester/framenet/abox/frame/Event" ,
 "https://w3id.org/framester/framenet/abox/frame/Cause_proliferation_in_number" , "https://w3id.org/framester/framenet/abox/frame/Event" ,
 "https://w3id.org/framester/framenet/abox/frame/Activity" , "https://w3id.org/framester/framenet/abox/frame/Process" ,
 "https://w3id.org/framester/framenet/abox/frame/Post_getting" , "https://w3id.org/framester/framenet/abox/frame/Possession" ,
 "https://w3id.org/framester/framenet/abox/frame/Be_subset_of" , "https://w3id.org/framester/framenet/abox/frame/Being_included" ,
 "https://w3id.org/framester/framenet/abox/frame/Animals" , "https://w3id.org/framester/framenet/abox/frame/Entity" ,
 "https://w3id.org/framester/framenet/abox/frame/Change_accessibility" , "https://w3id.org/framester/framenet/abox/frame/Event" ,
 "https://w3id.org/framester/framenet/abox/frame/Temporary_stay" , "https://w3id.org/framester/framenet/abox/frame/Residence https://w3id.org/framester/framenet/abox/frame/Event https://w3id.org/framester/framenet/abox/frame/Visiting_scenario_stay https://w3id.org/framester/framenet/abox/frame/State" ,
 "https://w3id.org/framester/framenet/abox/frame/Time_period_of_action" , "https://w3id.org/framester/framenet/abox/frame/Timespan" ,
 "https://w3id.org/framester/framenet/abox/frame/Membership" , "https://w3id.org/framester/framenet/abox/frame/Being_included" ,
 "https://w3id.org/framester/framenet/abox/frame/Pre_getting" , "https://w3id.org/framester/framenet/abox/frame/Possession" ,
 "https://w3id.org/framester/framenet/abox/frame/Becoming_detached" , "https://w3id.org/framester/framenet/abox/frame/Event" ,
 "https://w3id.org/framester/framenet/abox/frame/Annoyance" , "https://w3id.org/framester/framenet/abox/frame/State" ,
 "https://w3id.org/framester/framenet/abox/frame/Undergo_change" , "https://w3id.org/framester/framenet/abox/frame/Event" ,
 "https://w3id.org/framester/framenet/abox/frame/Exemplar" , "https://w3id.org/framester/framenet/abox/frame/Instance" ,
 "https://w3id.org/framester/framenet/abox/frame/Natural_features" , "https://w3id.org/framester/framenet/abox/frame/Locale" ,
 "https://w3id.org/framester/framenet/abox/frame/Container_focused_removing" , "https://w3id.org/framester/framenet/abox/frame/Event" ,
 "https://w3id.org/framester/framenet/abox/frame/Kidnapping" , "https://w3id.org/framester/framenet/abox/frame/Event" ,
 "https://w3id.org/framester/framenet/abox/frame/Circumscribed_existence" , "https://w3id.org/framester/framenet/abox/frame/State" ,
 "https://w3id.org/framester/framenet/abox/frame/Sleep" , "https://w3id.org/framester/framenet/abox/frame/Process_continue" ,
 "https://w3id.org/framester/framenet/abox/frame/Cause_change_of_phase" , "https://w3id.org/framester/framenet/abox/frame/Event" ,
 "https://w3id.org/framester/framenet/abox/frame/Bail_decision" , "https://w3id.org/framester/framenet/abox/frame/Event" ,
 "https://w3id.org/framester/framenet/abox/frame/Warning" , "https://w3id.org/framester/framenet/abox/frame/Statement" ,
 "https://w3id.org/framester/framenet/abox/frame/Telling" , "https://w3id.org/framester/framenet/abox/frame/Statement" ,
 "https://w3id.org/framester/framenet/abox/frame/People_by_religion" , "https://w3id.org/framester/framenet/abox/frame/Entity" ,
 "https://w3id.org/framester/framenet/abox/frame/Becoming" , "https://w3id.org/framester/framenet/abox/frame/Event" ,
 "https://w3id.org/framester/framenet/abox/frame/Be_on_alert" , "https://w3id.org/framester/framenet/abox/frame/State" ,
 "https://w3id.org/framester/framenet/abox/frame/Trying_out" , "https://w3id.org/framester/framenet/abox/frame/Scrutiny" ,
 "https://w3id.org/framester/framenet/abox/frame/Activity_ongoing" , "https://w3id.org/framester/framenet/abox/frame/Process_continue" ,
 "https://w3id.org/framester/framenet/abox/frame/Work" , "https://w3id.org/framester/framenet/abox/frame/Event" ,
 "https://w3id.org/framester/framenet/abox/frame/Operate_vehicle" , "https://w3id.org/framester/framenet/abox/frame/Event" ,
 "https://w3id.org/framester/framenet/abox/frame/Cause_to_experience" , "https://w3id.org/framester/framenet/abox/frame/Event" ,
 "https://w3id.org/framester/framenet/abox/frame/Accuracy" , "https://w3id.org/framester/framenet/abox/frame/Attributes" ,
 "https://w3id.org/framester/framenet/abox/frame/Simultaneity" , "https://w3id.org/framester/framenet/abox/frame/Relation" ,
 "https://w3id.org/framester/framenet/abox/frame/Frequency" , "https://w3id.org/framester/framenet/abox/frame/Attributes" ,
 "https://w3id.org/framester/framenet/abox/frame/Change_posture" , "https://w3id.org/framester/framenet/abox/frame/Event" ,
 "https://w3id.org/framester/framenet/abox/frame/Touring" , "https://w3id.org/framester/framenet/abox/frame/Perception https://w3id.org/framester/framenet/abox/frame/Event" ,
 "https://w3id.org/framester/framenet/abox/frame/Intercepting" , "https://w3id.org/framester/framenet/abox/frame/Event" ,
 "https://w3id.org/framester/framenet/abox/frame/Sharpness" , "https://w3id.org/framester/framenet/abox/frame/Attributes" ,
 "https://w3id.org/framester/framenet/abox/frame/Atonement" , "https://w3id.org/framester/framenet/abox/frame/Event" ,
 "https://w3id.org/framester/framenet/abox/frame/Text" , "https://w3id.org/framester/framenet/abox/frame/Entity" ,
 "https://w3id.org/framester/framenet/abox/frame/Mass_motion" , "https://w3id.org/framester/framenet/abox/frame/Event" ,
 "https://w3id.org/framester/framenet/abox/frame/Tool_purpose" , "https://w3id.org/framester/framenet/abox/frame/Relation" ,
 "https://w3id.org/framester/framenet/abox/frame/Intentional_traversing" , "https://w3id.org/framester/framenet/abox/frame/Event" ,
 "https://w3id.org/framester/framenet/abox/frame/Relation_between_individuals" , "https://w3id.org/framester/framenet/abox/frame/Relation" ,
 "https://w3id.org/framester/framenet/abox/frame/Institutions" , "https://w3id.org/framester/framenet/abox/frame/Aggregate" ,
 "https://w3id.org/framester/framenet/abox/frame/Precipitation" , "https://w3id.org/framester/framenet/abox/frame/Process" ,
 "https://w3id.org/framester/framenet/abox/frame/Containing" , "https://w3id.org/framester/framenet/abox/frame/State https://w3id.org/framester/framenet/abox/frame/Relation" ,
 "https://w3id.org/framester/framenet/abox/frame/Corroding_caused" , "https://w3id.org/framester/framenet/abox/frame/Event" ,
 "https://w3id.org/framester/framenet/abox/frame/Taking_time" , "https://w3id.org/framester/framenet/abox/frame/Attributes" ,
 "https://w3id.org/framester/framenet/abox/frame/Collaboration" , "https://w3id.org/framester/framenet/abox/frame/Event https://w3id.org/framester/framenet/abox/frame/Reciprocality" ,
 "https://w3id.org/framester/framenet/abox/frame/Idiosyncrasy" , "https://w3id.org/framester/framenet/abox/frame/Relation" ,
 "https://w3id.org/framester/framenet/abox/frame/Medical_instruments" , "https://w3id.org/framester/framenet/abox/frame/Entity" ,
 "https://w3id.org/framester/framenet/abox/frame/Morality_evaluation" , "https://w3id.org/framester/framenet/abox/frame/Attributes" ,
 "https://w3id.org/framester/framenet/abox/frame/Cause_change_of_consistency" , "https://w3id.org/framester/framenet/abox/frame/Event" ,
 "https://w3id.org/framester/framenet/abox/frame/Intentionally_affect" , "https://w3id.org/framester/framenet/abox/frame/Event" ,
 "https://w3id.org/framester/framenet/abox/frame/Being_up_to_it" , "https://w3id.org/framester/framenet/abox/frame/Attributes https://w3id.org/framester/framenet/abox/frame/Possibility" ,
 "https://w3id.org/framester/framenet/abox/frame/Assemble" , "https://w3id.org/framester/framenet/abox/frame/Event" ,
 "https://w3id.org/framester/framenet/abox/frame/Obligation_scenario" , "https://w3id.org/framester/framenet/abox/frame/Required_event" ,
 "https://w3id.org/framester/framenet/abox/frame/Familiarity" , "https://w3id.org/framester/framenet/abox/frame/Attributes" ,
 "https://w3id.org/framester/framenet/abox/frame/Physical_artworks" , "https://w3id.org/framester/framenet/abox/frame/Entity" ,
 "https://w3id.org/framester/framenet/abox/frame/Member_of_military" , "https://w3id.org/framester/framenet/abox/frame/Entity" ,
 "https://w3id.org/framester/framenet/abox/frame/Exercising" , "https://w3id.org/framester/framenet/abox/frame/Event" ,
 "https://w3id.org/framester/framenet/abox/frame/Self_control" , "https://w3id.org/framester/framenet/abox/frame/Preventing_or_letting" ,
 "https://w3id.org/framester/framenet/abox/frame/Releasing_from_custody" , "https://w3id.org/framester/framenet/abox/frame/Event" ,
 "https://w3id.org/framester/framenet/abox/frame/Performers" , "https://w3id.org/framester/framenet/abox/frame/Entity" ,
 "https://w3id.org/framester/framenet/abox/frame/Being_wet" , "https://w3id.org/framester/framenet/abox/frame/Attributes" ,
 "https://w3id.org/framester/framenet/abox/frame/Correctness" , "https://w3id.org/framester/framenet/abox/frame/Attributes" ,
 "https://w3id.org/framester/framenet/abox/frame/Noise_makers" , "https://w3id.org/framester/framenet/abox/frame/Entity" ,
 "https://w3id.org/framester/framenet/abox/frame/Popularity" , "https://w3id.org/framester/framenet/abox/frame/Attributes" ,
 "https://w3id.org/framester/framenet/abox/frame/Piracy" , "https://w3id.org/framester/framenet/abox/frame/Event" ,
 "https://w3id.org/framester/framenet/abox/frame/Imposing_obligation" , "https://w3id.org/framester/framenet/abox/frame/Event" ,
 "https://w3id.org/framester/framenet/abox/frame/Military" , "https://w3id.org/framester/framenet/abox/frame/Aggregate" ,
 "https://w3id.org/framester/framenet/abox/frame/Presence" , "https://w3id.org/framester/framenet/abox/frame/State" ,
 "https://w3id.org/framester/framenet/abox/frame/Bragging" , "https://w3id.org/framester/framenet/abox/frame/Judgment_communication" ,
 "https://w3id.org/framester/framenet/abox/frame/Unemployment_rate" , "https://w3id.org/framester/framenet/abox/frame/Attributes" ,
 "https://w3id.org/framester/framenet/abox/frame/Controller_object" , "https://w3id.org/framester/framenet/abox/frame/Entity" ,
 "https://w3id.org/framester/framenet/abox/frame/Food" , "https://w3id.org/framester/framenet/abox/frame/Entity" ,
 "https://w3id.org/framester/framenet/abox/frame/Ingest_substance" , "https://w3id.org/framester/framenet/abox/frame/Event" ,
 "https://w3id.org/framester/framenet/abox/frame/Precariousness" , "https://w3id.org/framester/framenet/abox/frame/Attributes" ,
 "https://w3id.org/framester/framenet/abox/frame/Rate_description" , "https://w3id.org/framester/framenet/abox/frame/Attributes" ,
 "https://w3id.org/framester/framenet/abox/frame/Inhibit_movement" , "https://w3id.org/framester/framenet/abox/frame/Event" ,
 "https://w3id.org/framester/framenet/abox/frame/Sufficiency" , "https://w3id.org/framester/framenet/abox/frame/Attributes" ,
 "https://w3id.org/framester/framenet/abox/frame/Have_as_requirement" , "https://w3id.org/framester/framenet/abox/frame/Contingency" ,
 "https://w3id.org/framester/framenet/abox/frame/See_through" , "https://w3id.org/framester/framenet/abox/frame/Event" ,
 "https://w3id.org/framester/framenet/abox/frame/Part_edge" , "https://w3id.org/framester/framenet/abox/frame/Being_included" ,
 "https://w3id.org/framester/framenet/abox/frame/Distant_operated_IED" , "https://w3id.org/framester/framenet/abox/frame/Entity" ,
 "https://w3id.org/framester/framenet/abox/frame/Color_qualities" , "https://w3id.org/framester/framenet/abox/frame/Attributes" ,
 "https://w3id.org/framester/framenet/abox/frame/Objective_influence" , "https://w3id.org/framester/framenet/abox/frame/Event" ,
 "https://w3id.org/framester/framenet/abox/frame/Attempt_obtain_food_scenario" , "https://w3id.org/framester/framenet/abox/frame/Event" ,
 "https://w3id.org/framester/framenet/abox/frame/Arranging" , "https://w3id.org/framester/framenet/abox/frame/Event" ,
 "https://w3id.org/framester/framenet/abox/frame/Activity_paused_state" , "https://w3id.org/framester/framenet/abox/frame/State" ,
 "https://w3id.org/framester/framenet/abox/frame/Text_creation" , "https://w3id.org/framester/framenet/abox/frame/Event" ,
 "https://w3id.org/framester/framenet/abox/frame/Being_active" , "https://w3id.org/framester/framenet/abox/frame/Attributes" ,
 "https://w3id.org/framester/framenet/abox/frame/Biological_area" , "https://w3id.org/framester/framenet/abox/frame/Locale" ,
 "https://w3id.org/framester/framenet/abox/frame/Arrest" , "https://w3id.org/framester/framenet/abox/frame/Event" ,
 "https://w3id.org/framester/framenet/abox/frame/Come_together" , "https://w3id.org/framester/framenet/abox/frame/Event" ,
 "https://w3id.org/framester/framenet/abox/frame/Activity_stop" , "https://w3id.org/framester/framenet/abox/frame/Event" ,
 "https://w3id.org/framester/framenet/abox/frame/Bearing_arms" , "https://w3id.org/framester/framenet/abox/frame/State" ,
 "https://w3id.org/framester/framenet/abox/frame/Calendric_unit" , "https://w3id.org/framester/framenet/abox/frame/Location_in_time" ,
 "https://w3id.org/framester/framenet/abox/frame/Being_at_risk" , "https://w3id.org/framester/framenet/abox/frame/Attributes" ,
 "https://w3id.org/framester/framenet/abox/frame/Becoming_a_member" , "https://w3id.org/framester/framenet/abox/frame/Event" ,
 "https://w3id.org/framester/framenet/abox/frame/Measure_duration" , "https://w3id.org/framester/framenet/abox/frame/Measures" ,
 "https://w3id.org/framester/framenet/abox/frame/Political_locales" , "https://w3id.org/framester/framenet/abox/frame/Locale" ,
 "https://w3id.org/framester/framenet/abox/frame/Entourage" , "https://w3id.org/framester/framenet/abox/frame/Aggregate" ,
 "https://w3id.org/framester/framenet/abox/frame/Attempting_and_resolving_scenario" , "https://w3id.org/framester/framenet/abox/frame/Event" ,
 "https://w3id.org/framester/framenet/abox/frame/Business_closure" , "https://w3id.org/framester/framenet/abox/frame/Success_or_failure https://w3id.org/framester/framenet/abox/frame/Locale_closure" ,
 "https://w3id.org/framester/framenet/abox/frame/Locale_by_event" , "https://w3id.org/framester/framenet/abox/frame/Locale" ,
 "https://w3id.org/framester/framenet/abox/frame/People_by_morality" , "https://w3id.org/framester/framenet/abox/frame/Entity" ,
 "https://w3id.org/framester/framenet/abox/frame/Existence" , "https://w3id.org/framester/framenet/abox/frame/State" ,
 "https://w3id.org/framester/framenet/abox/frame/Placing" , "https://w3id.org/framester/framenet/abox/frame/Event" ,
 "https://w3id.org/framester/framenet/abox/frame/Funding" , "https://w3id.org/framester/framenet/abox/frame/Event" ,
 "https://w3id.org/framester/framenet/abox/frame/Manipulation" , "https://w3id.org/framester/framenet/abox/frame/Event" ,
 "https://w3id.org/framester/framenet/abox/frame/Appellations" , "https://w3id.org/framester/framenet/abox/frame/Being_named" ,
 "https://w3id.org/framester/framenet/abox/frame/Evaluative_comparison" , "https://w3id.org/framester/framenet/abox/frame/Attributes" ,
 "https://w3id.org/framester/framenet/abox/frame/Socially_significant_history_scenario" , "https://w3id.org/framester/framenet/abox/frame/History_scenario" ,
 "https://w3id.org/framester/framenet/abox/frame/Being_born" , "https://w3id.org/framester/framenet/abox/frame/Event" ,
 "https://w3id.org/framester/framenet/abox/frame/Corporal_punishment" , "https://w3id.org/framester/framenet/abox/frame/Event" ,
 "https://w3id.org/framester/framenet/abox/frame/Standing_by" , "https://w3id.org/framester/framenet/abox/frame/Waiting" ,
 "https://w3id.org/framester/framenet/abox/frame/Infrastructure" , "https://w3id.org/framester/framenet/abox/frame/Entity" ,
 "https://w3id.org/framester/framenet/abox/frame/Render_nonfunctional" , "https://w3id.org/framester/framenet/abox/frame/Event" ,
 "https://w3id.org/framester/framenet/abox/frame/Nuclear_process" , "https://w3id.org/framester/framenet/abox/frame/Event" ,
 "https://w3id.org/framester/framenet/abox/frame/Spatial_contact" , "https://w3id.org/framester/framenet/abox/frame/State https://w3id.org/framester/framenet/abox/frame/Relation" ,
 "https://w3id.org/framester/framenet/abox/frame/Level_of_force_exertion" , "https://w3id.org/framester/framenet/abox/frame/Attributes" ,
 "https://w3id.org/framester/framenet/abox/frame/Aging" , "https://w3id.org/framester/framenet/abox/frame/Event" ,
 "https://w3id.org/framester/framenet/abox/frame/Examination" , "https://w3id.org/framester/framenet/abox/frame/Event" ,
 "https://w3id.org/framester/framenet/abox/frame/Irregular_combatants" , "https://w3id.org/framester/framenet/abox/frame/Entity" ,
 "https://w3id.org/framester/framenet/abox/frame/Theft" , "https://w3id.org/framester/framenet/abox/frame/Event" ,
 "https://w3id.org/framester/framenet/abox/frame/Reveal_secret" , "https://w3id.org/framester/framenet/abox/frame/Statement" ,
 "https://w3id.org/framester/framenet/abox/frame/Change_of_temperature" , "https://w3id.org/framester/framenet/abox/frame/Event" ,
 "https://w3id.org/framester/framenet/abox/frame/System_complexity" , "https://w3id.org/framester/framenet/abox/frame/Attributes" ,
 "https://w3id.org/framester/framenet/abox/frame/Organization" , "https://w3id.org/framester/framenet/abox/frame/Aggregate" ,
 "https://w3id.org/framester/framenet/abox/frame/Health_response" , "https://w3id.org/framester/framenet/abox/frame/Attributes" ,
 "https://w3id.org/framester/framenet/abox/frame/Shaped_part" , "https://w3id.org/framester/framenet/abox/frame/Being_included" ,
 "https://w3id.org/framester/framenet/abox/frame/Posing_as" , "https://w3id.org/framester/framenet/abox/frame/Event" ,
 "https://w3id.org/framester/framenet/abox/frame/Thriving" , "https://w3id.org/framester/framenet/abox/frame/State" ,
 "https://w3id.org/framester/framenet/abox/frame/Addiction" , "https://w3id.org/framester/framenet/abox/frame/Attributes" ,
 "https://w3id.org/framester/framenet/abox/frame/Working_a_post" , "https://w3id.org/framester/framenet/abox/frame/Event" ,
 "https://w3id.org/framester/framenet/abox/frame/Cause_temperature_change" , "https://w3id.org/framester/framenet/abox/frame/Event" ,
 "https://w3id.org/framester/framenet/abox/frame/Temporary_group" , "https://w3id.org/framester/framenet/abox/frame/Aggregate https://w3id.org/framester/framenet/abox/frame/Being_included" ,
 "https://w3id.org/framester/framenet/abox/frame/Birth_scenario" , "https://w3id.org/framester/framenet/abox/frame/Event" ,
 "https://w3id.org/framester/framenet/abox/frame/Information_display" , "https://w3id.org/framester/framenet/abox/frame/Entity" ,
 "https://w3id.org/framester/framenet/abox/frame/People_by_vocation" , "https://w3id.org/framester/framenet/abox/frame/Entity" ,
 "https://w3id.org/framester/framenet/abox/frame/Operating_a_system" , "https://w3id.org/framester/framenet/abox/frame/Event" ,
 "https://w3id.org/framester/framenet/abox/frame/Grasp" , "https://w3id.org/framester/framenet/abox/frame/Mental_activity" ,
 "https://w3id.org/framester/framenet/abox/frame/Transitive_action" , "https://w3id.org/framester/framenet/abox/frame/Event" ,
 "https://w3id.org/framester/framenet/abox/frame/Being_relevant" , "https://w3id.org/framester/framenet/abox/frame/Cognitive_connection" ,
 "https://w3id.org/framester/framenet/abox/frame/Within_distance" , "https://w3id.org/framester/framenet/abox/frame/State https://w3id.org/framester/framenet/abox/frame/Relation" ,
 "https://w3id.org/framester/framenet/abox/frame/Process_stop" , "https://w3id.org/framester/framenet/abox/frame/Event" ,
 "https://w3id.org/framester/framenet/abox/frame/Reserving" , "https://w3id.org/framester/framenet/abox/frame/Scheduling" ,
 "https://w3id.org/framester/framenet/abox/frame/Stinginess" , "https://w3id.org/framester/framenet/abox/frame/Attributes" ,
 "https://w3id.org/framester/framenet/abox/frame/Cause_motion" , "https://w3id.org/framester/framenet/abox/frame/Event" ,
 "https://w3id.org/framester/framenet/abox/frame/Cause_to_perceive" , "https://w3id.org/framester/framenet/abox/frame/Event" ,
 "https://w3id.org/framester/framenet/abox/frame/Finish_game" , "https://w3id.org/framester/framenet/abox/frame/Event" ,
 "https://w3id.org/framester/framenet/abox/frame/Interrupt_process" , "https://w3id.org/framester/framenet/abox/frame/Event" ,
 "https://w3id.org/framester/framenet/abox/frame/Contacting" , "https://w3id.org/framester/framenet/abox/frame/Event" ,
 "https://w3id.org/framester/framenet/abox/frame/Coming_to_believe" , "https://w3id.org/framester/framenet/abox/frame/Event" ,
 "https://w3id.org/framester/framenet/abox/frame/Completeness" , "https://w3id.org/framester/framenet/abox/frame/Attributes" ,
 "https://w3id.org/framester/framenet/abox/frame/Change_event_time" , "https://w3id.org/framester/framenet/abox/frame/Event" ,
 "https://w3id.org/framester/framenet/abox/frame/Treating_and_mistreating" , "https://w3id.org/framester/framenet/abox/frame/Conduct" ,
 "https://w3id.org/framester/framenet/abox/frame/Product_delivery" , "https://w3id.org/framester/framenet/abox/frame/Delivery" ,
 "https://w3id.org/framester/framenet/abox/frame/Spatial_co-location" , "https://w3id.org/framester/framenet/abox/frame/State https://w3id.org/framester/framenet/abox/frame/Relation" ,
 "https://w3id.org/framester/framenet/abox/frame/Surrendering_possession" , "https://w3id.org/framester/framenet/abox/frame/Event" ,
 "https://w3id.org/framester/framenet/abox/frame/Capability" , "https://w3id.org/framester/framenet/abox/frame/Attributes https://w3id.org/framester/framenet/abox/frame/Possibility" ,
 "https://w3id.org/framester/framenet/abox/frame/Arithmetic" , "https://w3id.org/framester/framenet/abox/frame/Reciprocality" ,
 "https://w3id.org/framester/framenet/abox/frame/Ontogeny" , "https://w3id.org/framester/framenet/abox/frame/Progression" ,
 "https://w3id.org/framester/framenet/abox/frame/Volubility" , "https://w3id.org/framester/framenet/abox/frame/Attributes" ,
 "https://w3id.org/framester/framenet/abox/frame/Architectural_part" , "https://w3id.org/framester/framenet/abox/frame/Being_included" ,
 "https://w3id.org/framester/framenet/abox/frame/Cause_to_amalgamate" , "https://w3id.org/framester/framenet/abox/frame/Event" ,
 "https://w3id.org/framester/framenet/abox/frame/Drop_in_on" , "https://w3id.org/framester/framenet/abox/frame/Event" ,
 "https://w3id.org/framester/framenet/abox/frame/Come_into_effect" , "https://w3id.org/framester/framenet/abox/frame/Event" ,
 "https://w3id.org/framester/framenet/abox/frame/Records" , "https://w3id.org/framester/framenet/abox/frame/Entity" ,
 "https://w3id.org/framester/framenet/abox/frame/Scope" , "https://w3id.org/framester/framenet/abox/frame/Attributes" ,
 "https://w3id.org/framester/framenet/abox/frame/Suasion" , "https://w3id.org/framester/framenet/abox/frame/Statement https://w3id.org/framester/framenet/abox/frame/Event" ,
 "https://w3id.org/framester/framenet/abox/frame/Emotions" , "https://w3id.org/framester/framenet/abox/frame/State" ,
 "https://w3id.org/framester/framenet/abox/frame/Receiving_scenario" , "https://w3id.org/framester/framenet/abox/frame/Getting_scenario" ,
 "https://w3id.org/framester/framenet/abox/frame/Explosion" , "https://w3id.org/framester/framenet/abox/frame/Event" ,
 "https://w3id.org/framester/framenet/abox/frame/Aesthetics" , "https://w3id.org/framester/framenet/abox/frame/Attributes" ,
 "https://w3id.org/framester/framenet/abox/frame/Relative_time" , "https://w3id.org/framester/framenet/abox/frame/Relation" ,
 "https://w3id.org/framester/framenet/abox/frame/Amassing" , "https://w3id.org/framester/framenet/abox/frame/Event" ,
 "https://w3id.org/framester/framenet/abox/frame/Post_giving" , "https://w3id.org/framester/framenet/abox/frame/Possession" ,
 "https://w3id.org/framester/framenet/abox/frame/Cause_to_rot" , "https://w3id.org/framester/framenet/abox/frame/Event" ,
 "https://w3id.org/framester/framenet/abox/frame/Cure" , "https://w3id.org/framester/framenet/abox/frame/Event" ,
 "https://w3id.org/framester/framenet/abox/frame/Abounding_with" , "https://w3id.org/framester/framenet/abox/frame/State https://w3id.org/framester/framenet/abox/frame/Relation" ,
 "https://w3id.org/framester/framenet/abox/frame/Others_situation_as_stimulus" , "https://w3id.org/framester/framenet/abox/frame/State" ,
 "https://w3id.org/framester/framenet/abox/frame/Transition_to_a_situation" , "https://w3id.org/framester/framenet/abox/frame/Event" ,
 "https://w3id.org/framester/framenet/abox/frame/Proliferating_in_number" , "https://w3id.org/framester/framenet/abox/frame/Event" ,
 "https://w3id.org/framester/framenet/abox/frame/Scrutinizing_for" , "https://w3id.org/framester/framenet/abox/frame/Scrutiny" ,
 "https://w3id.org/framester/framenet/abox/frame/Cause_harm" , "https://w3id.org/framester/framenet/abox/frame/Event" ,
 "https://w3id.org/framester/framenet/abox/frame/Fastener" , "https://w3id.org/framester/framenet/abox/frame/Entity" ,
 "https://w3id.org/framester/framenet/abox/frame/Goal" , "https://w3id.org/framester/framenet/abox/frame/State https://w3id.org/framester/framenet/abox/frame/Relation" ,
 "https://w3id.org/framester/framenet/abox/frame/Emergency_fire" , "https://w3id.org/framester/framenet/abox/frame/Fire_burning" ,
 "https://w3id.org/framester/framenet/abox/frame/Military_operation" , "https://w3id.org/framester/framenet/abox/frame/Event" ,
 "https://w3id.org/framester/framenet/abox/frame/Part_piece" , "https://w3id.org/framester/framenet/abox/frame/Being_included" ,
 "https://w3id.org/framester/framenet/abox/frame/Abundance" , "https://w3id.org/framester/framenet/abox/frame/Attributes" ,
 "https://w3id.org/framester/framenet/abox/frame/Vehicle_landing" , "https://w3id.org/framester/framenet/abox/frame/Event" ,
 "https://w3id.org/framester/framenet/abox/frame/Get_a_job" , "https://w3id.org/framester/framenet/abox/frame/Event" ,
 "https://w3id.org/framester/framenet/abox/frame/Fining" , "https://w3id.org/framester/framenet/abox/frame/Event" ,
 "https://w3id.org/framester/framenet/abox/frame/Process_stopped_state" , "https://w3id.org/framester/framenet/abox/frame/State" ,
 "https://w3id.org/framester/framenet/abox/frame/Location_of_light" , "https://w3id.org/framester/framenet/abox/frame/Attributes" ,
 "https://w3id.org/framester/framenet/abox/frame/Authority" , "https://w3id.org/framester/framenet/abox/frame/Influencing_potential" ,
 "https://w3id.org/framester/framenet/abox/frame/Shooting_scenario" , "https://w3id.org/framester/framenet/abox/frame/Event" ,
 "https://w3id.org/framester/framenet/abox/frame/Obscurity" , "https://w3id.org/framester/framenet/abox/frame/Attributes" ,
 "https://w3id.org/framester/framenet/abox/frame/Renting_out" , "https://w3id.org/framester/framenet/abox/frame/Event" ,
 "https://w3id.org/framester/framenet/abox/frame/Inclination" , "https://w3id.org/framester/framenet/abox/frame/Attributes" ,
 "https://w3id.org/framester/framenet/abox/frame/Invading" , "https://w3id.org/framester/framenet/abox/frame/Event" ,
 "https://w3id.org/framester/framenet/abox/frame/Relating_concepts" , "https://w3id.org/framester/framenet/abox/frame/Cognitive_connection" ,
 "https://w3id.org/framester/framenet/abox/frame/Labeling" , "https://w3id.org/framester/framenet/abox/frame/Referring_by_name" ,
 "https://w3id.org/framester/framenet/abox/frame/Intentional_deception" , "https://w3id.org/framester/framenet/abox/frame/Deception_end" ,
 "https://w3id.org/framester/framenet/abox/frame/Pre_giving" , "https://w3id.org/framester/framenet/abox/frame/Possession" ,
 "https://w3id.org/framester/framenet/abox/frame/People_by_age" , "https://w3id.org/framester/framenet/abox/frame/Entity" ,
 "https://w3id.org/framester/framenet/abox/frame/Disgraceful_situation" , "https://w3id.org/framester/framenet/abox/frame/Attributes" ,
 "https://w3id.org/framester/framenet/abox/frame/History" , "https://w3id.org/framester/framenet/abox/frame/Individual_history" ,
 "https://w3id.org/framester/framenet/abox/frame/Giving_scenario" , "https://w3id.org/framester/framenet/abox/frame/Lose_possession_scenario" ,
 "https://w3id.org/framester/framenet/abox/frame/Suitability" , "https://w3id.org/framester/framenet/abox/frame/Attributes" ,
 "https://w3id.org/framester/framenet/abox/frame/Level_of_light" , "https://w3id.org/framester/framenet/abox/frame/Attributes" ,
 "https://w3id.org/framester/framenet/abox/frame/Name_conferral" , "https://w3id.org/framester/framenet/abox/frame/Event" ,
 "https://w3id.org/framester/framenet/abox/frame/Used_up" , "https://w3id.org/framester/framenet/abox/frame/Attributes" ,
 "https://w3id.org/framester/framenet/abox/frame/Body_mark" , "https://w3id.org/framester/framenet/abox/frame/Entity" ,
 "https://w3id.org/framester/framenet/abox/frame/Mental_stimulus_exp_focus" , "https://w3id.org/framester/framenet/abox/frame/Experiencer_focus" ,
 "https://w3id.org/framester/framenet/abox/frame/Foreign_or_domestic_country" , "https://w3id.org/framester/framenet/abox/frame/Locale" ,
 "https://w3id.org/framester/framenet/abox/frame/Cache" , "https://w3id.org/framester/framenet/abox/frame/Aggregate" ,
 "https://w3id.org/framester/framenet/abox/frame/Causation" , "https://w3id.org/framester/framenet/abox/frame/Event" ,
 "https://w3id.org/framester/framenet/abox/frame/Communication_response" , "https://w3id.org/framester/framenet/abox/frame/Event" ,
 "https://w3id.org/framester/framenet/abox/frame/Counterattack" , "https://w3id.org/framester/framenet/abox/frame/Event" ,
 "https://w3id.org/framester/framenet/abox/frame/Passing_off" , "https://w3id.org/framester/framenet/abox/frame/Event" ,
 "https://w3id.org/framester/framenet/abox/frame/Silencing" , "https://w3id.org/framester/framenet/abox/frame/Event" ,
 "https://w3id.org/framester/framenet/abox/frame/Intentionally_create" , "https://w3id.org/framester/framenet/abox/frame/Event" ,
 "https://w3id.org/framester/framenet/abox/frame/Directional_locative_relation" , "https://w3id.org/framester/framenet/abox/frame/State https://w3id.org/framester/framenet/abox/frame/Relation" ,
 "https://w3id.org/framester/framenet/abox/frame/Research" , "https://w3id.org/framester/framenet/abox/frame/Scrutiny" ,
 "https://w3id.org/framester/framenet/abox/frame/Deception_success" , "https://w3id.org/framester/framenet/abox/frame/Deception_end" ,
 "https://w3id.org/framester/framenet/abox/frame/Fire_break" , "https://w3id.org/framester/framenet/abox/frame/Entity" ,
 "https://w3id.org/framester/framenet/abox/frame/Immobilization" , "https://w3id.org/framester/framenet/abox/frame/Event" ,
 "https://w3id.org/framester/framenet/abox/frame/Hit_or_miss" , "https://w3id.org/framester/framenet/abox/frame/Success_or_failure" ,
 "https://w3id.org/framester/framenet/abox/frame/Robbery" , "https://w3id.org/framester/framenet/abox/frame/Event" ,
 "https://w3id.org/framester/framenet/abox/frame/Motion" , "https://w3id.org/framester/framenet/abox/frame/Event" ,
 "https://w3id.org/framester/framenet/abox/frame/Omen" , "https://w3id.org/framester/framenet/abox/frame/Sign" ,
 "https://w3id.org/framester/framenet/abox/frame/Typicality" , "https://w3id.org/framester/framenet/abox/frame/Attributes" ,
 "https://w3id.org/framester/framenet/abox/frame/Commerce_money-transfer" , "https://w3id.org/framester/framenet/abox/frame/Event" ,
 "https://w3id.org/framester/framenet/abox/frame/Judicial_body" , "https://w3id.org/framester/framenet/abox/frame/Aggregate" ,
 "https://w3id.org/framester/framenet/abox/frame/People_by_jurisdiction" , "https://w3id.org/framester/framenet/abox/frame/Entity" ,
 "https://w3id.org/framester/framenet/abox/frame/Publishing" , "https://w3id.org/framester/framenet/abox/frame/Event" ,
 "https://w3id.org/framester/framenet/abox/frame/Having_commercial_agreement" , "https://w3id.org/framester/framenet/abox/frame/Be_in_agreement_on_action" ,
 "https://w3id.org/framester/framenet/abox/frame/Eventive_cognizer_affecting" , "https://w3id.org/framester/framenet/abox/frame/Event" ,
 "https://w3id.org/framester/framenet/abox/frame/Thwarting" , "https://w3id.org/framester/framenet/abox/frame/Preventing_or_letting" ,
 "https://w3id.org/framester/framenet/abox/frame/Setting_fire" , "https://w3id.org/framester/framenet/abox/frame/Event" ,
 "https://w3id.org/framester/framenet/abox/frame/Expend_resource" , "https://w3id.org/framester/framenet/abox/frame/Event" ,
 "https://w3id.org/framester/framenet/abox/frame/Compliance" , "https://w3id.org/framester/framenet/abox/frame/Attributes https://w3id.org/framester/framenet/abox/frame/Satisfying" ,
 "https://w3id.org/framester/framenet/abox/frame/Being_contained_within" , "https://w3id.org/framester/framenet/abox/frame/State https://w3id.org/framester/framenet/abox/frame/Relation" ,
 "https://w3id.org/framester/framenet/abox/frame/Inspecting" , "https://w3id.org/framester/framenet/abox/frame/Scrutiny" ,
 "https://w3id.org/framester/framenet/abox/frame/Visitor_departure" , "https://w3id.org/framester/framenet/abox/frame/Event" ,
 "https://w3id.org/framester/framenet/abox/frame/Destroying" , "https://w3id.org/framester/framenet/abox/frame/Event" ,
 "https://w3id.org/framester/framenet/abox/frame/Process_completed_state" , "https://w3id.org/framester/framenet/abox/frame/State" ,
 "https://w3id.org/framester/framenet/abox/frame/Come_down_with" , "https://w3id.org/framester/framenet/abox/frame/Event" ,
 "https://w3id.org/framester/framenet/abox/frame/Cause_to_be_wet" , "https://w3id.org/framester/framenet/abox/frame/Event" ,
 "https://w3id.org/framester/framenet/abox/frame/Committing_crime" , "https://w3id.org/framester/framenet/abox/frame/Event" ,
 "https://w3id.org/framester/framenet/abox/frame/Visit_host" , "https://w3id.org/framester/framenet/abox/frame/Visitor_scenario" ,
 "https://w3id.org/framester/framenet/abox/frame/Taking" , "https://w3id.org/framester/framenet/abox/frame/Event" ,
 "https://w3id.org/framester/framenet/abox/frame/Indigenous_origin" , "https://w3id.org/framester/framenet/abox/frame/Origin" ,
 "https://w3id.org/framester/framenet/abox/frame/Activity_resume" , "https://w3id.org/framester/framenet/abox/frame/Event" ,
 "https://w3id.org/framester/framenet/abox/frame/Endangering" , "https://w3id.org/framester/framenet/abox/frame/Event" ,
 "https://w3id.org/framester/framenet/abox/frame/Practice" , "https://w3id.org/framester/framenet/abox/frame/Event" ,
 "https://w3id.org/framester/framenet/abox/frame/Noncombatant" , "https://w3id.org/framester/framenet/abox/frame/Entity" ,
 "https://w3id.org/framester/framenet/abox/frame/Talking_into" , "https://w3id.org/framester/framenet/abox/frame/Event" ,
 "https://w3id.org/framester/framenet/abox/frame/Connecting_architecture" , "https://w3id.org/framester/framenet/abox/frame/Being_included" ,
 "https://w3id.org/framester/framenet/abox/frame/Money" , "https://w3id.org/framester/framenet/abox/frame/Entity" ,
 "https://w3id.org/framester/framenet/abox/frame/Convoy" , "https://w3id.org/framester/framenet/abox/frame/Aggregate" ,
 "https://w3id.org/framester/framenet/abox/frame/Post_transfer" , "https://w3id.org/framester/framenet/abox/frame/Possession" ,
 "https://w3id.org/framester/framenet/abox/frame/Cause_change_of_strength" , "https://w3id.org/framester/framenet/abox/frame/Event" ,
 "https://w3id.org/framester/framenet/abox/frame/Borrowing" , "https://w3id.org/framester/framenet/abox/frame/Event" ,
 "https://w3id.org/framester/framenet/abox/frame/Change_of_leadership" , "https://w3id.org/framester/framenet/abox/frame/Event" ,
 "https://w3id.org/framester/framenet/abox/frame/Cause_to_start" , "https://w3id.org/framester/framenet/abox/frame/Event" ,
 "https://w3id.org/framester/framenet/abox/frame/Likelihood" , "https://w3id.org/framester/framenet/abox/frame/Attributes" ,
 "https://w3id.org/framester/framenet/abox/frame/Non-gradable_proximity" , "https://w3id.org/framester/framenet/abox/frame/State https://w3id.org/framester/framenet/abox/frame/Relation" ,
 "https://w3id.org/framester/framenet/abox/frame/Submitting_documents" , "https://w3id.org/framester/framenet/abox/frame/Event" ,
 "https://w3id.org/framester/framenet/abox/frame/Dying" , "https://w3id.org/framester/framenet/abox/frame/State" ,
 "https://w3id.org/framester/framenet/abox/frame/Wealthiness" , "https://w3id.org/framester/framenet/abox/frame/Attributes" ,
 "https://w3id.org/framester/framenet/abox/frame/Gathering_up" , "https://w3id.org/framester/framenet/abox/frame/Event" ,
 "https://w3id.org/framester/framenet/abox/frame/Control" , "https://w3id.org/framester/framenet/abox/frame/Event" ,
 "https://w3id.org/framester/framenet/abox/frame/Duration_relation" , "https://w3id.org/framester/framenet/abox/frame/Relation" ,
 "https://w3id.org/framester/framenet/abox/frame/Replacing" , "https://w3id.org/framester/framenet/abox/frame/Event" ,
 "https://w3id.org/framester/framenet/abox/frame/Change_tool" , "https://w3id.org/framester/framenet/abox/frame/Event" ,
 "https://w3id.org/framester/framenet/abox/frame/Finish_competition" , "https://w3id.org/framester/framenet/abox/frame/Event" ,
 "https://w3id.org/framester/framenet/abox/frame/Quarreling" , "https://w3id.org/framester/framenet/abox/frame/Reciprocality" ,
 "https://w3id.org/framester/framenet/abox/frame/Firing_point" , "https://w3id.org/framester/framenet/abox/frame/Locale" ,
 "https://w3id.org/framester/framenet/abox/frame/Cause_to_be_sharp" , "https://w3id.org/framester/framenet/abox/frame/Event" ,
 "https://w3id.org/framester/framenet/abox/frame/Being_rotted" , "https://w3id.org/framester/framenet/abox/frame/Attributes" ,
 "https://w3id.org/framester/framenet/abox/frame/Contact_image_schema" , "https://w3id.org/framester/framenet/abox/frame/Image_schema" ,
 "https://w3id.org/framester/framenet/abox/frame/Gusto" , "https://w3id.org/framester/framenet/abox/frame/Attributes https://w3id.org/framester/framenet/abox/frame/Possibility" ,
 "https://w3id.org/framester/framenet/abox/frame/Suicide_attack" , "https://w3id.org/framester/framenet/abox/frame/Event" ,
 "https://w3id.org/framester/framenet/abox/frame/Visit_host_stay" , "https://w3id.org/framester/framenet/abox/frame/Visiting_scenario_stay" ,
 "https://w3id.org/framester/framenet/abox/frame/Change_of_consistency" , "https://w3id.org/framester/framenet/abox/frame/Event" ,
 "https://w3id.org/framester/framenet/abox/frame/Leaving_traces" , "https://w3id.org/framester/framenet/abox/frame/Sign" ,
 "https://w3id.org/framester/framenet/abox/frame/Becoming_attached" , "https://w3id.org/framester/framenet/abox/frame/Event" ,
 "https://w3id.org/framester/framenet/abox/frame/Adjusting" , "https://w3id.org/framester/framenet/abox/frame/Event" ,
 "https://w3id.org/framester/framenet/abox/frame/Luck" , "https://w3id.org/framester/framenet/abox/frame/Attributes" ,
 "https://w3id.org/framester/framenet/abox/frame/Temporary_transfer_scenario" , "https://w3id.org/framester/framenet/abox/frame/Transfer_scenario" ,
 "https://w3id.org/framester/framenet/abox/frame/Emergency" , "https://w3id.org/framester/framenet/abox/frame/Event" ,
 "https://w3id.org/framester/framenet/abox/frame/Part_inner_outer" , "https://w3id.org/framester/framenet/abox/frame/Being_included" ,
 "https://w3id.org/framester/framenet/abox/frame/Government_institution" , "https://w3id.org/framester/framenet/abox/frame/Aggregate" ,
 "https://w3id.org/framester/framenet/abox/frame/Cause_change" , "https://w3id.org/framester/framenet/abox/frame/Event" ,
 "https://w3id.org/framester/framenet/abox/frame/Affirm_or_deny" , "https://w3id.org/framester/framenet/abox/frame/Statement" ,
 "https://w3id.org/framester/framenet/abox/frame/Travel" , "https://w3id.org/framester/framenet/abox/frame/Event" ,
 "https://w3id.org/framester/framenet/abox/frame/Giving" , "https://w3id.org/framester/framenet/abox/frame/Event" ,
 "https://w3id.org/framester/framenet/abox/frame/Process_resume" , "https://w3id.org/framester/framenet/abox/frame/Event" ,
 "https://w3id.org/framester/framenet/abox/frame/Body_decoration" , "https://w3id.org/framester/framenet/abox/frame/Entity" ,
 "https://w3id.org/framester/framenet/abox/frame/Location_on_path" , "https://w3id.org/framester/framenet/abox/frame/State https://w3id.org/framester/framenet/abox/frame/Relation" ,
 "https://w3id.org/framester/framenet/abox/frame/Endeavor_failure" , "https://w3id.org/framester/framenet/abox/frame/Success_or_failure" ,
 "https://w3id.org/framester/framenet/abox/frame/Post_lose_possession" , "https://w3id.org/framester/framenet/abox/frame/Possession" ,
 "https://w3id.org/framester/framenet/abox/frame/Bounded_entity" , "https://w3id.org/framester/framenet/abox/frame/Entity" ,
 "https://w3id.org/framester/framenet/abox/frame/Preference" , "https://w3id.org/framester/framenet/abox/frame/Experiencer_focus" ,
 "https://w3id.org/framester/framenet/abox/frame/Duration_scenario" , "https://w3id.org/framester/framenet/abox/frame/Measure_scenario" ,
 "https://w3id.org/framester/framenet/abox/frame/Commerce_sell" , "https://w3id.org/framester/framenet/abox/frame/Event" ,
 "https://w3id.org/framester/framenet/abox/frame/Cause_impact" , "https://w3id.org/framester/framenet/abox/frame/Event" ,
 "https://w3id.org/framester/framenet/abox/frame/State_of_entity" , "https://w3id.org/framester/framenet/abox/frame/State" ,
 "https://w3id.org/framester/framenet/abox/frame/Getting" , "https://w3id.org/framester/framenet/abox/frame/Event" ,
 "https://w3id.org/framester/framenet/abox/frame/Evading" , "https://w3id.org/framester/framenet/abox/frame/Event" ,
 "https://w3id.org/framester/framenet/abox/frame/Lose_possession" , "https://w3id.org/framester/framenet/abox/frame/Event" ,
 "https://w3id.org/framester/framenet/abox/frame/Commerce_buy" , "https://w3id.org/framester/framenet/abox/frame/Event" ,
 "https://w3id.org/framester/framenet/abox/frame/Escaping" , "https://w3id.org/framester/framenet/abox/frame/Event" ,
 "https://w3id.org/framester/framenet/abox/frame/Fleeing" , "https://w3id.org/framester/framenet/abox/frame/Event" ,
 "https://w3id.org/framester/framenet/abox/frame/Fame" , "https://w3id.org/framester/framenet/abox/frame/Attributes" ,
 "https://w3id.org/framester/framenet/abox/frame/Region_with_portal" , "https://w3id.org/framester/framenet/abox/frame/Image_schema" ,
 "https://w3id.org/framester/framenet/abox/frame/Level_of_force_resistance" , "https://w3id.org/framester/framenet/abox/frame/Attributes" ,
 "https://w3id.org/framester/framenet/abox/frame/Key" , "https://w3id.org/framester/framenet/abox/frame/Entity" ,
 "https://w3id.org/framester/framenet/abox/frame/Losing" , "https://w3id.org/framester/framenet/abox/frame/Losing_track_of_theme" ,
 "https://w3id.org/framester/framenet/abox/frame/Coming_to_be" , "https://w3id.org/framester/framenet/abox/frame/Event" ,
 "https://w3id.org/framester/framenet/abox/frame/Detaching" , "https://w3id.org/framester/framenet/abox/frame/Event" ,
 "https://w3id.org/framester/framenet/abox/frame/Wholes_and_parts" , "https://w3id.org/framester/framenet/abox/frame/Inclusion_scenario" ,
 "https://w3id.org/framester/framenet/abox/frame/Improvised_explosive_device" , "https://w3id.org/framester/framenet/abox/frame/Entity" ,
 "https://w3id.org/framester/framenet/abox/frame/Arithmetic_commutative" , "https://w3id.org/framester/framenet/abox/frame/Reciprocality" ,
 "https://w3id.org/framester/framenet/abox/frame/Being_questionable" , "https://w3id.org/framester/framenet/abox/frame/Attributes" ,
 "https://w3id.org/framester/framenet/abox/frame/Lending" , "https://w3id.org/framester/framenet/abox/frame/Event" ,
 "https://w3id.org/framester/framenet/abox/frame/Measure_mass" , "https://w3id.org/framester/framenet/abox/frame/Measures" ,
 "https://w3id.org/framester/framenet/abox/frame/Burying" , "https://w3id.org/framester/framenet/abox/frame/Event" ,
 "https://w3id.org/framester/framenet/abox/frame/Rest" , "https://w3id.org/framester/framenet/abox/frame/Being_included" ,
 "https://w3id.org/framester/framenet/abox/frame/Quitting" , "https://w3id.org/framester/framenet/abox/frame/Employment_end https://w3id.org/framester/framenet/abox/frame/Event" ,
 "https://w3id.org/framester/framenet/abox/frame/Awareness" , "https://w3id.org/framester/framenet/abox/frame/Mental_activity" ,
 "https://w3id.org/framester/framenet/abox/frame/Communication_noise" , "https://w3id.org/framester/framenet/abox/frame/Event" ,
 "https://w3id.org/framester/framenet/abox/frame/Aiming" , "https://w3id.org/framester/framenet/abox/frame/Event" ,
 "https://w3id.org/framester/framenet/abox/frame/Setting_back_burn" , "https://w3id.org/framester/framenet/abox/frame/Event" ,
 "https://w3id.org/framester/framenet/abox/frame/Cause_to_fragment" , "https://w3id.org/framester/framenet/abox/frame/Event" ,
 "https://w3id.org/framester/framenet/abox/frame/Transfer" , "https://w3id.org/framester/framenet/abox/frame/Event" ,
 "https://w3id.org/framester/framenet/abox/frame/Motion_directional" , "https://w3id.org/framester/framenet/abox/frame/Event" ,
 "https://w3id.org/framester/framenet/abox/frame/Surpassing" , "https://w3id.org/framester/framenet/abox/frame/Attributes" ,
 "https://w3id.org/framester/framenet/abox/frame/Cause_expansion" , "https://w3id.org/framester/framenet/abox/frame/Event" ,
 "https://w3id.org/framester/framenet/abox/frame/Chatting" , "https://w3id.org/framester/framenet/abox/frame/Reciprocality" ,
 "https://w3id.org/framester/framenet/abox/frame/Clemency" , "https://w3id.org/framester/framenet/abox/frame/Event" ,
 "https://w3id.org/framester/framenet/abox/frame/Emotions_of_mental_activity" , "https://w3id.org/framester/framenet/abox/frame/State" ,
 "https://w3id.org/framester/framenet/abox/frame/Attempt" , "https://w3id.org/framester/framenet/abox/frame/Event" ,
 "https://w3id.org/framester/framenet/abox/frame/Processing_materials" , "https://w3id.org/framester/framenet/abox/frame/Event" ,
 "https://w3id.org/framester/framenet/abox/frame/Emotions_by_possibility" , "https://w3id.org/framester/framenet/abox/frame/State" ,
 "https://w3id.org/framester/framenet/abox/frame/Improvement_or_decline" , "https://w3id.org/framester/framenet/abox/frame/Event" ,
 "https://w3id.org/framester/framenet/abox/frame/Temporal_collocation" , "https://w3id.org/framester/framenet/abox/frame/Relation" ,
 "https://w3id.org/framester/framenet/abox/frame/Reassuring" , "https://w3id.org/framester/framenet/abox/frame/Event" ,
 "https://w3id.org/framester/framenet/abox/frame/Creating" , "https://w3id.org/framester/framenet/abox/frame/Event" ,
 "https://w3id.org/framester/framenet/abox/frame/Reshaping" , "https://w3id.org/framester/framenet/abox/frame/Event" ,
 "https://w3id.org/framester/framenet/abox/frame/Locative_relation" , "https://w3id.org/framester/framenet/abox/frame/State https://w3id.org/framester/framenet/abox/frame/Relation" ,
 "https://w3id.org/framester/framenet/abox/frame/Quitting_a_place" , "https://w3id.org/framester/framenet/abox/frame/Event" ,
 "https://w3id.org/framester/framenet/abox/frame/Relational_natural_features" , "https://w3id.org/framester/framenet/abox/frame/Locale" ,
 "https://w3id.org/framester/framenet/abox/frame/Inherent_purpose" , "https://w3id.org/framester/framenet/abox/frame/Relation" ,
 "https://w3id.org/framester/framenet/abox/frame/Prank" , "https://w3id.org/framester/framenet/abox/frame/Trap" ,
 "https://w3id.org/framester/framenet/abox/frame/Cause_bodily_experience" , "https://w3id.org/framester/framenet/abox/frame/Event" ,
 "https://w3id.org/framester/framenet/abox/frame/Dynamism" , "https://w3id.org/framester/framenet/abox/frame/Attributes" ,
 "https://w3id.org/framester/framenet/abox/frame/Change_operational_state" , "https://w3id.org/framester/framenet/abox/frame/Event" ,
 "https://w3id.org/framester/framenet/abox/frame/Pardon" , "https://w3id.org/framester/framenet/abox/frame/Event" ,
 "https://w3id.org/framester/framenet/abox/frame/Basis_for_attribute" , "https://w3id.org/framester/framenet/abox/frame/Relation" ,
 "https://w3id.org/framester/framenet/abox/frame/Go_into_shape" , "https://w3id.org/framester/framenet/abox/frame/Event" ,
 "https://w3id.org/framester/framenet/abox/frame/Measurable_attributes" , "https://w3id.org/framester/framenet/abox/frame/Attributes" ,
 "https://w3id.org/framester/framenet/abox/frame/Damaging" , "https://w3id.org/framester/framenet/abox/frame/Event" ,
 "https://w3id.org/framester/framenet/abox/frame/Assistance" , "https://w3id.org/framester/framenet/abox/frame/Event" ,
 "https://w3id.org/framester/framenet/abox/frame/Law_enforcement_agency" , "https://w3id.org/framester/framenet/abox/frame/Aggregate" ,
 "https://w3id.org/framester/framenet/abox/frame/Releasing" , "https://w3id.org/framester/framenet/abox/frame/Event" ,
 "https://w3id.org/framester/framenet/abox/frame/Activity_abandoned_state" , "https://w3id.org/framester/framenet/abox/frame/State" ,
 "https://w3id.org/framester/framenet/abox/frame/Undergoing" , "https://w3id.org/framester/framenet/abox/frame/Event" ,
 "https://w3id.org/framester/framenet/abox/frame/Hunting_scenario" , "https://w3id.org/framester/framenet/abox/frame/Event" ,
 "https://w3id.org/framester/framenet/abox/frame/Alignment_image_schema" , "https://w3id.org/framester/framenet/abox/frame/Image_schema" ,
 "https://w3id.org/framester/framenet/abox/frame/Perception_experience" , "https://w3id.org/framester/framenet/abox/frame/Perception" ,
 "https://w3id.org/framester/framenet/abox/frame/Fighting_activity" , "https://w3id.org/framester/framenet/abox/frame/Event" ,
 "https://w3id.org/framester/framenet/abox/frame/People_along_political_spectrum" , "https://w3id.org/framester/framenet/abox/frame/Entity" ,
 "https://w3id.org/framester/framenet/abox/frame/Temperature" , "https://w3id.org/framester/framenet/abox/frame/Attributes" ,
 "https://w3id.org/framester/framenet/abox/frame/Agriculture" , "https://w3id.org/framester/framenet/abox/frame/Event" ,
 "https://w3id.org/framester/framenet/abox/frame/Becoming_aware" , "https://w3id.org/framester/framenet/abox/frame/Perception" ,
 "https://w3id.org/framester/framenet/abox/frame/Prevent_or_allow_possession" , "https://w3id.org/framester/framenet/abox/frame/Preventing_or_letting" ,
 "https://w3id.org/framester/framenet/abox/frame/Making_arrangements" , "https://w3id.org/framester/framenet/abox/frame/Event" ,
 "https://w3id.org/framester/framenet/abox/frame/Smuggling" , "https://w3id.org/framester/framenet/abox/frame/Bringing https://w3id.org/framester/framenet/abox/frame/Event" ,
 "https://w3id.org/framester/framenet/abox/frame/Execute_plan" , "https://w3id.org/framester/framenet/abox/frame/Event" ,
 "https://w3id.org/framester/framenet/abox/frame/Death" , "https://w3id.org/framester/framenet/abox/frame/Event" ,
 "https://w3id.org/framester/framenet/abox/frame/Run_risk" , "https://w3id.org/framester/framenet/abox/frame/Attributes" ,
 "https://w3id.org/framester/framenet/abox/frame/Gradable_attributes" , "https://w3id.org/framester/framenet/abox/frame/Attributes" ,
 "https://w3id.org/framester/framenet/abox/frame/Rewards_and_punishments" , "https://w3id.org/framester/framenet/abox/frame/Event" ,
 "https://w3id.org/framester/framenet/abox/frame/Measure_linear_extent" , "https://w3id.org/framester/framenet/abox/frame/Measures" ,
 "https://w3id.org/framester/framenet/abox/frame/Chaos" , "https://w3id.org/framester/framenet/abox/frame/State" ,
 "https://w3id.org/framester/framenet/abox/frame/Killing" , "https://w3id.org/framester/framenet/abox/frame/Event" ,
 "https://w3id.org/framester/framenet/abox/frame/Detonate_explosive" , "https://w3id.org/framester/framenet/abox/frame/Event" ,
 "https://w3id.org/framester/framenet/abox/frame/Complaining" , "https://w3id.org/framester/framenet/abox/frame/Statement" ,
 "https://w3id.org/framester/framenet/abox/frame/Proportion" , "https://w3id.org/framester/framenet/abox/frame/Relational_quantity" ,
 "https://w3id.org/framester/framenet/abox/frame/Fullness" , "https://w3id.org/framester/framenet/abox/frame/Attributes" ,
 "https://w3id.org/framester/framenet/abox/frame/Activity_finish" , "https://w3id.org/framester/framenet/abox/frame/Event" ,
 "https://w3id.org/framester/framenet/abox/frame/Process_initial_state" , "https://w3id.org/framester/framenet/abox/frame/State" ,
 "https://w3id.org/framester/framenet/abox/frame/Perception_active" , "https://w3id.org/framester/framenet/abox/frame/Perception https://w3id.org/framester/framenet/abox/frame/Event" ,
 "https://w3id.org/framester/framenet/abox/frame/Process_start" , "https://w3id.org/framester/framenet/abox/frame/Event" ,
 "https://w3id.org/framester/framenet/abox/frame/Procreative_sex" , "https://w3id.org/framester/framenet/abox/frame/Sex" ,
 "https://w3id.org/framester/framenet/abox/frame/Enforcing" , "https://w3id.org/framester/framenet/abox/frame/Event" ,
 "https://w3id.org/framester/framenet/abox/frame/Forming_relationships" , "https://w3id.org/framester/framenet/abox/frame/Event" ,
 "https://w3id.org/framester/framenet/abox/frame/Mining" , "https://w3id.org/framester/framenet/abox/frame/Event" ,
 "https://w3id.org/framester/framenet/abox/frame/Being_in_control" , "https://w3id.org/framester/framenet/abox/frame/Event" ,
 "https://w3id.org/framester/framenet/abox/frame/Change_event_duration" , "https://w3id.org/framester/framenet/abox/frame/Event" ,
 "https://w3id.org/framester/framenet/abox/frame/Conditional_scenario" , "https://w3id.org/framester/framenet/abox/frame/Alternativity" ,
 "https://w3id.org/framester/framenet/abox/frame/Reading_aloud" , "https://w3id.org/framester/framenet/abox/frame/Statement https://w3id.org/framester/framenet/abox/frame/Reading_activity" ,
 "https://w3id.org/framester/framenet/abox/frame/Prison" , "https://w3id.org/framester/framenet/abox/frame/Locale" ,
 "https://w3id.org/framester/framenet/abox/frame/Social_interaction_evaluation" , "https://w3id.org/framester/framenet/abox/frame/Attributes" ,
 "https://w3id.org/framester/framenet/abox/frame/Color" , "https://w3id.org/framester/framenet/abox/frame/Attributes" ,
 "https://w3id.org/framester/framenet/abox/frame/Sign_agreement" , "https://w3id.org/framester/framenet/abox/frame/Event" ,
 "https://w3id.org/framester/framenet/abox/frame/Ceasing_to_be" , "https://w3id.org/framester/framenet/abox/frame/Event" ,
 "https://w3id.org/framester/framenet/abox/frame/Social_event_individuals" , "https://w3id.org/framester/framenet/abox/frame/Social_event" ,
