,cluster,label,docs,# communities,# onto,frequent frames,frequent synsets,frequent framesynset triplets,frequent adj/adv w/o frame,frequent noun/verb w/o frame,communities,docss
0,0,Speed - Frequency,"owns
read paper rate Accepted External Reviewer
Review Rating has Rated Papers
Review Rejected Paper is Rated By Chair
Review is Rated By rates Writen write Paper Reviewer
has Assigned Paper Review is Rated By Accepted Chair Session To
Organisation technically Organises
Car is connected with Renting",8,6,"frame:Speed: 6
frame:Frequency: 6
","wn30:synset-rate-noun-1: 6
wn30:synset-paper-noun-1: 4
wn30:synset-review-verb-1: 4
wn30:synset-by-adverb-1: 3
wn30:synset-chair-noun-1: 2
wn30:synset-reviewer-noun-1: 2
wn30:synset-accepted-adjectivesatellite-1: 2
","wn30:synset-rate-noun-1 - frame:Speed - frame:Attributes: 6
wn30:synset-rate-noun-1 - frame:Frequency - frame:Attributes: 6
","wn30:synset-by-adverb-1: 3
wn30:synset-accepted-adjectivesatellite-1: 2
","wn30:synset-paper-noun-1: 4
wn30:synset-review-verb-1: 4
wn30:synset-chair-noun-1: 2
wn30:synset-reviewer-noun-1: 2
","inferred_Cocus-223
inferred_PCS6
inferred_edas16
inferred_MyReview-222
inferred_MyReview-220
inferred_MyReview-215
inferred_ekaw3
inferred_iasted82
","owns
read paper rate Accepted External Reviewer
Review Rating has Rated Papers
Review Rejected Paper is Rated By Chair
Review is Rated By rates Writen write Paper Reviewer
has Assigned Paper Review is Rated By Accepted Chair Session To
Organisation technically Organises
Car is connected with Renting"
1,1,Discussion,"Conference days is designed for Delegate
is held after Activity conference Conference days
is held before Conference days Activity conference",3,1,"frame:Discussion: 5
frame:Timespan: 3
frame:Calendric_unit: 3
frame:Measure_duration: 3
","wn30:synset-conference-noun-1: 5
wn30:synset-day-noun-1: 3
wn30:synset-hold-verb-3: 2
wn30:synset-activity-noun-1: 2
","wn30:synset-conference-noun-1 - frame:Discussion - frame:Reciprocality: 5
wn30:synset-day-noun-1 - frame:Measure_duration - frame:Measures: 3
wn30:synset-day-noun-1 - frame:Timespan: 3
wn30:synset-day-noun-1 - frame:Calendric_unit - frame:Location_in_time: 3
","
","wn30:synset-hold-verb-3: 2
","inferred_iasted61
inferred_iasted60
inferred_iasted62
","Conference days is designed for Delegate
is held after Activity conference Conference days
is held before Conference days Activity conference"
2,2,Organization,"Organizing committee has an organizing was of Conference volume
has a committee chair was of Chair Committee
was a committee of has commtitee Committee Conference volume
has a committee co-chair was committe of Committee Co-chair
Steering committee was a steering of has Conference volume",5,1,"frame:Organization: 8
","wn30:synset-committee-noun-1: 8
wn30:synset-angstrom-noun-1: 5
","wn30:synset-committee-noun-1 - frame:Organization - frame:Aggregate: 8
","
","wn30:synset-angstrom-noun-1: 5
wn30:synset-volume-noun-1: 3
","inferred_conference-23
inferred_conference-216
inferred_conference-217
inferred_conference-214
inferred_conference-25
","Organizing committee has an organizing was of Conference volume
has a committee chair was of Chair Committee
was a committee of has commtitee Committee Conference volume
has a committee co-chair was committe of Committee Co-chair
Steering committee was a steering of has Conference volume"
3,3,Being_named - Referring_by_name,"has Name Conference Acronym Email Person
has Room Name
Paper Conference name title
Conference Name of conference ACM SIGKDD holded by City
search searched by Name of sponsor ACM SIGKDD Sponzor
has Email Conference Program is Of Acronym Name",6,5,"frame:Being_named: 6
frame:Referring_by_name: 6
frame:Discussion: 5
frame:Seeking: 4
","wn30:synset-name-noun-1: 6
wn30:synset-conference-noun-1: 5
wn30:synset-search-verb-1: 2
wn30:synset-acronym-noun-1: 2
wn30:synset-by-adverb-1: 2
wn30:synset-electronic_mail-noun-1: 2
","wn30:synset-name-noun-1 - frame:Being_named: 6
wn30:synset-name-noun-1 - frame:Referring_by_name: 6
wn30:synset-conference-noun-1 - frame:Discussion - frame:Reciprocality: 5
","wn30:synset-by-adverb-1: 2
","wn30:synset-acronym-noun-1: 2
wn30:synset-electronic_mail-noun-1: 2
","inferred_paperdyne21
inferred_linklings8
inferred_cmt-218
inferred_sigkdd12
inferred_sigkdd8
inferred_MyReview-210
","has Name Conference Acronym Email Person
has Room Name
Paper Conference name title
Conference Name of conference ACM SIGKDD holded by City
search searched by Name of sponsor ACM SIGKDD Sponzor
has Email Conference Program is Of Acronym Name"
4,4,Discussion,"end date of conference setup sets
conference setup end date of full paper submission sets
conference setup sets start date is concerned confernce end
start date of conference setup sets
sets date of notification conference setup
is concerned confernce setup conference sets date
end date of abstract submission conference setup sets
end Date Conference registration Due On manuscript",8,2,"frame:Discussion: 8
frame:Gizmo: 7
frame:Placing: 7
frame:Causation: 7
frame:Process_end: 5
","wn30:synset-conference-noun-1: 8
wn30:synset-date-noun-1: 8
wn30:synset-apparatus-noun-1: 7
wn30:synset-put-verb-1: 7
wn30:synset-end-verb-1: 5
","wn30:synset-conference-noun-1 - frame:Discussion - frame:Reciprocality: 8
wn30:synset-put-verb-1 - frame:Placing - frame:Event: 7
wn30:synset-put-verb-1 - frame:Causation - frame:Event: 7
wn30:synset-apparatus-noun-1 - frame:Gizmo: 7
wn30:synset-end-verb-1 - frame:Process_end - frame:Event: 5
","wn30:synset-along-adverb-1: 1
wn30:synset-due-adjective-1: 1
wn30:synset-abstract-adjective-1: 1
","wn30:synset-date-noun-1: 8
","inferred_confious-29
inferred_confious-229
inferred_confious-21
inferred_confious-211
inferred_confious-26
inferred_confious-222
inferred_confious-27
inferred_edas4
","end date of conference setup sets
conference setup end date of full paper submission sets
conference setup sets start date is concerned confernce end
start date of conference setup sets
sets date of notification conference setup
is concerned confernce setup conference sets date
end date of abstract submission conference setup sets
end Date Conference registration Due On manuscript"
5,5,Causation - Sending,"Contact Author Alternate Email has been sent by Submitted Paper
Contact Author has sent Submitted Paper
send sent by Activity Person
User Help Request send
group email human is sent to concerned reviewing proces
Email sended by Administrator send
is sent before Registation deadline Registration form
send Delegate Registration form is sent by
is sent before Hotel registration form Deadline hotel reservation",9,5,"frame:Causation: 12
frame:Sending: 12
","wn30:synset-send-verb-1: 12
wn30:synset-by-adverb-1: 4
wn30:synset-registration-noun-1: 3
wn30:synset-form-noun-1: 3
wn30:synset-electronic_mail-noun-1: 3
","wn30:synset-send-verb-1 - frame:Causation - frame:Event: 12
wn30:synset-send-verb-1 - frame:Sending: 12
","wn30:synset-by-adverb-1: 4
","wn30:synset-registration-noun-1: 3
wn30:synset-form-noun-1: 3
wn30:synset-electronic_mail-noun-1: 3
wn30:synset-writer-noun-1: 2
wn30:synset-deadline-noun-1: 2
wn30:synset-contact-noun-1: 2
wn30:synset-paper-noun-1: 2
","inferred_OpenConf7
inferred_OpenConf8
inferred_Cocus-21
inferred_Cocus-215
inferred_confious-236
inferred_PCS1
inferred_iasted9
inferred_iasted8
inferred_iasted79
","Contact Author Alternate Email has been sent by Submitted Paper
Contact Author has sent Submitted Paper
send sent by Activity Person
User Help Request send
group email human is sent to concerned reviewing proces
Email sended by Administrator send
is sent before Registation deadline Registration form
send Delegate Registration form is sent by
is sent before Hotel registration form Deadline hotel reservation"
6,6,Hostile_encounter,"Author Paper Proposed Conflict block Assigning To Reviewer visible By conflict
Self Conflict Paper block Assigning To Reviewer
refused By confirmes refuses Paper confirmed visible Reviewer block Assigning To Pending Proposed Conflict
Paper Confirmed Conflict Reviewer block Assigning To visible By relates
Event Approval Email confirmed by confirm",5,2,"frame:Hostile_encounter: 5
frame:Verification: 4
frame:Evidence: 4
frame:Appointing: 4
frame:Obviousness: 3
","wn30:synset-conflict-noun-1: 5
wn30:synset-reviewer-noun-1: 4
wn30:synset-paper-noun-1: 4
wn30:synset-delegate-verb-2: 4
wn30:synset-confirm-verb-1: 4
wn30:synset-block-noun-1: 4
wn30:synset-by-adverb-1: 4
wn30:synset-visible-adjective-1: 3
","wn30:synset-conflict-noun-1 - frame:Hostile_encounter - frame:Event: 5
wn30:synset-confirm-verb-1 - frame:Verification - frame:Scrutiny: 4
wn30:synset-confirm-verb-1 - frame:Evidence: 4
wn30:synset-delegate-verb-2 - frame:Appointing - frame:Event: 4
wn30:synset-visible-adjective-1 - frame:Obviousness - frame:Attributes: 3
","wn30:synset-by-adverb-1: 4
","wn30:synset-reviewer-noun-1: 4
wn30:synset-paper-noun-1: 4
wn30:synset-block-noun-1: 4
","inferred_paperdyne14
inferred_paperdyne7
inferred_paperdyne5
inferred_paperdyne1
inferred_Cocus-29
","Author Paper Proposed Conflict block Assigning To Reviewer visible By conflict
Self Conflict Paper block Assigning To Reviewer
refused By confirmes refuses Paper confirmed visible Reviewer block Assigning To Pending Proposed Conflict
Paper Confirmed Conflict Reviewer block Assigning To visible By relates
Event Approval Email confirmed by confirm"
7,7,Political_locales,"Person has City
Conference city airport is situated in state
is occupied by situated in Delegate Conference city state restaurant
is visited by Conference building situated in Delegate state
Presenter state city is situated in university
State City is situated in
Conference hotel city state is situated in
is visited by Conference building situated in Delegate city
is situated in Conference city state equipped by Item Place",9,2,"frame:Political_locales: 15
frame:Locale_by_use: 9
frame:Discussion: 6
frame:Building: 4
","wn30:synset-in-adverb-1: 8
wn30:synset-situate-verb-1: 8
wn30:synset-city-noun-1: 8
wn30:synset-state-noun-1: 7
wn30:synset-conference-noun-1: 6
wn30:synset-by-adverb-1: 4
","wn30:synset-city-noun-1 - frame:Locale_by_use - frame:Locale: 8
wn30:synset-city-noun-1 - frame:Political_locales - frame:Locale: 8
wn30:synset-state-noun-1 - frame:Political_locales - frame:Locale: 7
wn30:synset-conference-noun-1 - frame:Discussion - frame:Reciprocality: 6
","wn30:synset-in-adverb-1: 8
","wn30:synset-situate-verb-1: 8
wn30:synset-delegate-verb-1: 3
","inferred_confOf16
inferred_iasted25
inferred_iasted23
inferred_iasted26
inferred_iasted6
inferred_iasted78
inferred_iasted57
inferred_iasted28
inferred_iasted29
","Person has City
Conference city airport is situated in state
is occupied by situated in Delegate Conference city state restaurant
is visited by Conference building situated in Delegate state
Presenter state city is situated in university
State City is situated in
Conference hotel city state is situated in
is visited by Conference building situated in Delegate city
is situated in Conference city state equipped by Item Place"
8,8,Travel - Motion,"is given by Technical commitee go through Technic activity
Session chair Introduction of speaker go through
Accepting manuscript go through Final
go through Initial manuscipt Refusing manuscript",4,1,"frame:Travel: 4
frame:Motion: 4
","wn30:synset-through-adverb-1: 4
wn30:synset-travel-verb-1: 4
wn30:synset-manuscript-noun-1: 2
","wn30:synset-travel-verb-1 - frame:Travel - frame:Event: 4
wn30:synset-travel-verb-1 - frame:Motion - frame:Event: 4
","wn30:synset-through-adverb-1: 4
","wn30:synset-manuscript-noun-1: 2
","inferred_iasted72
inferred_iasted47
inferred_iasted64
inferred_iasted83
","is given by Technical commitee go through Technic activity
Session chair Introduction of speaker go through
Accepting manuscript go through Final
go through Initial manuscipt Refusing manuscript"
9,9,Intentionally_create - Cause_to_start - Coming_up_with - Building - Creating,"Review creates Paper Reviewer judges created By
Author creates changed By covered covers Paper speaks Conference Contribution Topic focuses On changes created
User created by Event take part in Person
program chair creates
chair reviewer program created by assigns reviewers to article",5,3,"frame:Intentionally_create: 7
frame:Cause_to_start: 7
frame:Coming_up_with: 7
frame:Building: 7
frame:Creating: 7
","wn30:synset-make-verb-3: 7
wn30:synset-by-adverb-1: 4
wn30:synset-reviewer-noun-1: 3
wn30:synset-chair-noun-1: 2
wn30:synset-paper-noun-1: 2
wn30:synset-cover-verb-1: 2
wn30:synset-plan-noun-1: 2
wn30:synset-change-verb-1: 2
","wn30:synset-make-verb-3 - frame:Coming_up_with: 7
wn30:synset-make-verb-3 - frame:Intentionally_create - frame:Event: 7
wn30:synset-make-verb-3 - frame:Cause_to_start - frame:Event: 7
wn30:synset-make-verb-3 - frame:Creating - frame:Event: 7
wn30:synset-make-verb-3 - frame:Building - frame:Event: 7
","wn30:synset-by-adverb-1: 4
","wn30:synset-reviewer-noun-1: 3
wn30:synset-chair-noun-1: 2
wn30:synset-paper-noun-1: 2
","inferred_paperdyne4
inferred_paperdyne18
inferred_Cocus-28
inferred_crs_dr4
inferred_crs_dr3
","Review creates Paper Reviewer judges created By
Author creates changed By covered covers Paper speaks Conference Contribution Topic focuses On changes created
User created by Event take part in Person
program chair creates
chair reviewer program created by assigns reviewers to article"
10,10,Execution,"execute Event Approval Email Administrator has result
execute Event Creation has result Author
User has result Registration
Reviewer Double Blind Review executes is Executed By
Criterion has Weight",5,3,"frame:Execution: 4
frame:Being_in_effect: 3
frame:Causation: 3
frame:Objective_influence: 3
","wn30:synset-execute-verb-1: 4
wn30:synset-consequence-noun-1: 3
wn30:synset-event-noun-1: 2
","wn30:synset-execute-verb-1 - frame:Execution - frame:Event: 4
wn30:synset-consequence-noun-1 - frame:Objective_influence - frame:Event: 3
wn30:synset-consequence-noun-1 - frame:Causation - frame:Event: 3
wn30:synset-consequence-noun-1 - frame:Being_in_effect: 3
","wn30:synset-blind-adjective-1: 1
wn30:synset-by-adverb-1: 1
","wn30:synset-writer-noun-1: 1
wn30:synset-registration-noun-1: 1
wn30:synset-reviewer-noun-1: 1
wn30:synset-administrator-noun-1: 1
wn30:synset-review-verb-1: 1
wn30:synset-double-noun-1: 1
wn30:synset-standard-noun-1: 1
wn30:synset-user-noun-1: 1
wn30:synset-blessing-noun-1: 1
wn30:synset-electronic_mail-noun-1: 1
","inferred_Cocus-218
inferred_Cocus-221
inferred_Cocus-216
inferred_MICRO9
inferred_MyReview-230
","execute Event Approval Email Administrator has result
execute Event Creation has result Author
User has result Registration
Reviewer Double Blind Review executes is Executed By
Criterion has Weight"
11,11,Event,"Event Tracks conists of
Event define defined by Setup
concerned Event URL
approved by Administrator approve Event
has Place Event
Administrative event has Event parallel with Working follows
has Programme belongs To Event Conference
Meal Menu Event has is Of
for Event has Call Academic
Paper Presentation Accepted related To Event
has enddate event startdate
has Event Individual Presentation Session
inverse of part Of 7 Event has",13,6,"frame:Event: 14
frame:Permitting: 2
frame:Grant_permission: 2
","wn30:synset-event-noun-1: 14
wn30:synset-by-adverb-1: 2
wn30:synset-presentation-noun-1: 2
wn30:synset-approve-verb-1: 2
wn30:synset-specify-verb-3: 2
","wn30:synset-event-noun-1 - frame:Event - frame:State: 14
wn30:synset-approve-verb-1 - frame:Permitting: 2
wn30:synset-approve-verb-1 - frame:Grant_permission: 2
","wn30:synset-by-adverb-1: 2
","wn30:synset-specify-verb-3: 2
wn30:synset-presentation-noun-1: 2
","inferred_Cocus-211
inferred_Cocus-210
inferred_Cocus-212
inferred_Cocus-217
inferred_linklings19
inferred_confOf5
inferred_edas9
inferred_edas17
inferred_edas13
inferred_edas18
inferred_crs_dr8
inferred_ekaw18
inferred_ekaw14
","Event Tracks conists of
Event define defined by Setup
concerned Event URL
approved by Administrator approve Event
has Place Event
Administrative event has Event parallel with Working follows
has Programme belongs To Event Conference
Meal Menu Event has is Of
for Event has Call Academic
Paper Presentation Accepted related To Event
has enddate event startdate
has Event Individual Presentation Session
inverse of part Of 7 Event has"
12,12,Documents,"User recieved by submited submit Document
Conference document has authors a date of issue contributes Person
Document Person has Conflict Of Interest
Speaker Deadline presentationed by Document submit until presentation
submit PERSON DOCUMENT submited by get Information loggin in Document ID System",5,5,"frame:Documents: 6
frame:Submitting_documents: 4
frame:People: 3
","wn30:synset-document-noun-1: 6
wn30:synset-submit-verb-1: 4
wn30:synset-by-adverb-1: 3
wn30:synset-person-noun-1: 3
wn30:synset-presentation-noun-1: 2
","wn30:synset-document-noun-1 - frame:Documents - frame:Entity: 6
wn30:synset-submit-verb-1 - frame:Submitting_documents - frame:Event: 4
wn30:synset-person-noun-1 - frame:People - frame:Entity: 3
","wn30:synset-by-adverb-1: 3
","wn30:synset-presentation-noun-1: 2
","inferred_Cocus-214
inferred_conference-220
inferred_cmt-219
inferred_sigkdd15
inferred_PCS17
","User recieved by submited submit Document
Conference document has authors a date of issue contributes Person
Document Person has Conflict Of Interest
Speaker Deadline presentationed by Document submit until presentation
submit PERSON DOCUMENT submited by get Information loggin in Document ID System"
13,13,Text,"is written by Author writes Paper
Reviewer written By Review write
Paper write Author has submit
submit write review Review External Reviewer
write review Secondary Reviewer Review
Author Contribution written By writes
is Written By Author Paper has Related
has author writes article written by assigns to conference
writes review has reviewer written by article
Speaker write Final manuscript",10,7,"frame:Text: 17
frame:Text_creation: 15
frame:Statement: 15
","wn30:synset-write-verb-1: 15
wn30:synset-review-verb-1: 6
wn30:synset-by-adverb-1: 6
wn30:synset-writer-noun-1: 5
wn30:synset-reviewer-noun-1: 4
","wn30:synset-write-verb-1 - frame:Text_creation - frame:Event: 15
wn30:synset-write-verb-1 - frame:Statement: 15
","wn30:synset-by-adverb-1: 6
","wn30:synset-review-verb-1: 6
wn30:synset-writer-noun-1: 5
wn30:synset-reviewer-noun-1: 4
","inferred_OpenConf14
inferred_cmt-214
inferred_cmt-27
inferred_PCS7
inferred_PCS10
inferred_confOf9
inferred_edas20
inferred_crs_dr1
inferred_crs_dr6
inferred_iasted65
","is written by Author writes Paper
Reviewer written By Review write
Paper write Author has submit
submit write review Review External Reviewer
write review Secondary Reviewer Review
Author Contribution written By writes
is Written By Author Paper has Related
has author writes article written by assigns to conference
writes review has reviewer written by article
Speaker write Final manuscript"
14,14,Respond_to_proposal,"Program Comitee Chair accepts assigned Paper By accepted Reviewer rejected assigns To Review
Program Comitee Chair rejects Paper reviews Reviewer bids For is In Conflict With
Conference accepts Hardcopy Submissions
Paper Administrator accepted By Bid accept rejected reject has
Primary Reviewer Paper assigned review by Review accept
written paper by submit reject accepted rejected write Author Paper accept Committee Member
is Chair Of accepts rejects Rejected By Paper Session Accepted",7,4,"frame:Respond_to_proposal: 17
frame:Receiving: 9
frame:Agree_or_refuse_to_act: 8
","wn30:synset-accept-verb-2: 9
wn30:synset-refuse-verb-2: 8
wn30:synset-paper-noun-1: 7
wn30:synset-by-adverb-1: 5
wn30:synset-review-verb-1: 4
wn30:synset-chair-noun-1: 3
wn30:synset-delegate-verb-2: 3
wn30:synset-reviewer-noun-1: 3
","wn30:synset-accept-verb-2 - frame:Receiving - frame:Event: 9
wn30:synset-accept-verb-2 - frame:Respond_to_proposal: 9
wn30:synset-refuse-verb-2 - frame:Agree_or_refuse_to_act - frame:Respond_to_proposal: 8
wn30:synset-refuse-verb-2 - frame:Respond_to_proposal: 8
","wn30:synset-by-adverb-1: 5
","wn30:synset-paper-noun-1: 7
wn30:synset-review-verb-1: 4
wn30:synset-chair-noun-1: 3
wn30:synset-reviewer-noun-1: 3
","inferred_paperdyne9
inferred_paperdyne2
inferred_cmt-222
inferred_cmt-26
inferred_PCS8
inferred_PCS16
inferred_MyReview-223
","Program Comitee Chair accepts assigned Paper By accepted Reviewer rejected assigns To Review
Program Comitee Chair rejects Paper reviews Reviewer bids For is In Conflict With
Conference accepts Hardcopy Submissions
Paper Administrator accepted By Bid accept rejected reject has
Primary Reviewer Paper assigned review by Review accept
written paper by submit reject accepted rejected write Author Paper accept Committee Member
is Chair Of accepts rejects Rejected By Paper Session Accepted"
15,15,Commerce_pay,"payed by Registration fee Currency Person pay
Sponzor fee pay
Tip Conference restaurant is paid in
Sponsor is paid by give Sponzorship
Money pay Person has amount of Building is paid with in Item by
Conference hotel is situated in Hotel room presenter designed for
Hotel fee is paid by presenter
is paid by Delegate pay Registration fee
Conference hotel Hotel presenter is designed for",9,2,"frame:Commerce_pay: 11
frame:Buildings: 6
","wn30:synset-pay-verb-1: 10
wn30:synset-by-adverb-1: 5
wn30:synset-hotel-noun-1: 5
wn30:synset-fee-noun-1: 4
wn30:synset-conference-noun-1: 3
wn30:synset-in-adverb-1: 3
wn30:synset-donor-noun-1: 3
","wn30:synset-pay-verb-1 - frame:Commerce_pay - frame:Event: 10
wn30:synset-hotel-noun-1 - frame:Buildings - frame:Entity: 5
wn30:synset-donor-noun-1 - frame:Giving - frame:Lose_possession_scenario: 3
wn30:synset-conference-noun-1 - frame:Discussion - frame:Reciprocality: 3
","wn30:synset-by-adverb-1: 5
","wn30:synset-fee-noun-1: 4
wn30:synset-registration-noun-1: 2
","inferred_sigkdd1
inferred_sigkdd9
inferred_iasted24
inferred_iasted38
inferred_iasted22
inferred_iasted58
inferred_iasted55
inferred_iasted2
inferred_iasted56
","payed by Registration fee Currency Person pay
Sponzor fee pay
Tip Conference restaurant is paid in
Sponsor is paid by give Sponzorship
Money pay Person has amount of Building is paid with in Item by
Conference hotel is situated in Hotel room presenter designed for
Hotel fee is paid by presenter
is paid by Delegate pay Registration fee
Conference hotel Hotel presenter is designed for"
16,16,Membership,"Web address Member
Committee was a member of has members
Conference Member member Of has
Conference Member has conference member of
is Member Of has Members Conference Committee Organizing Organized By",5,5,"frame:Membership: 9
","wn30:synset-member-noun-1: 9
wn30:synset-conference-noun-1: 4
","wn30:synset-member-noun-1 - frame:Membership - frame:Being_included: 9
","wn30:synset-organized-adjective-1: 1
wn30:synset-by-adverb-1: 1
","wn30:synset-angstrom-noun-1: 1
wn30:synset-address-noun-1: 1
wn30:synset-web-noun-1: 1
","inferred_OpenConf13
inferred_conference-215
inferred_cmt-22
inferred_PCS11
inferred_MICRO3
","Web address Member
Committee was a member of has members
Conference Member member Of has
Conference Member has conference member of
is Member Of has Members Conference Committee Organizing Organized By"
17,17,Submitting_documents,"Contribution File Author submits Main submitted By
is stored in Paper File Submitted
Paper submited by Corresponding Author
Submitted contribution has a submitted Review expertise
Conference contribution is submitted at volume
Paper Abstract Contact Author has submits Email abstract Is Submitted By is Of
Author paper Is Submitted By submits Paper write",7,5,"frame:Submitting_documents: 13
frame:Giving: 3
","wn30:synset-submit-verb-1: 11
wn30:synset-paper-noun-1: 5
wn30:synset-by-adverb-1: 4
wn30:synset-writer-noun-1: 4
wn30:synset-contribution-noun-2: 3
","wn30:synset-submit-verb-1 - frame:Submitting_documents - frame:Event: 11
wn30:synset-contribution-noun-2 - frame:Giving - frame:Lose_possession_scenario: 3
wn30:synset-file-verb-1 - frame:Submitting_documents - frame:Event: 2
wn30:synset-file-verb-1 - frame:Placing - frame:Event: 2
","wn30:synset-by-adverb-1: 4
","wn30:synset-paper-noun-1: 5
wn30:synset-writer-noun-1: 4
","inferred_paperdyne17
inferred_OpenConf9
inferred_Cocus-222
inferred_conference-212
inferred_conference-22
inferred_MyReview-229
inferred_MyReview-23
","Contribution File Author submits Main submitted By
is stored in Paper File Submitted
Paper submited by Corresponding Author
Submitted contribution has a submitted Review expertise
Conference contribution is submitted at volume
Paper Abstract Contact Author has submits Email abstract Is Submitted By is Of
Author paper Is Submitted By submits Paper write"
18,18,Using,"Person used by Template
User recieve use used by created Document Person
human is employed in institute
Organization Person employed By
Tutorial Proposal applies To
Worksop Proposal applies To Work Shop
Chair produces Output Document is Produced By
is used by Transport vehicle Delegate",8,6,"frame:Using: 8
frame:People: 3
frame:Creating: 3
frame:Statement: 2
frame:Documents: 2
","wn30:synset-use-verb-1: 8
wn30:synset-by-adverb-1: 5
wn30:synset-person-noun-1: 3
wn30:synset-produce-verb-1: 2
wn30:synset-proposal-noun-1: 2
wn30:synset-document-noun-1: 2
","wn30:synset-use-verb-1 - frame:Using - frame:Event: 8
wn30:synset-person-noun-1 - frame:People - frame:Entity: 3
wn30:synset-document-noun-1 - frame:Documents - frame:Entity: 2
wn30:synset-proposal-noun-1 - frame:Statement: 2
wn30:synset-produce-verb-1 - frame:Creating - frame:Event: 2
","wn30:synset-by-adverb-1: 5
","wn30:synset-chair-noun-1: 1
wn30:synset-end_product-noun-1: 1
wn30:synset-tutorial-noun-1: 1
wn30:synset-user-noun-1: 1
wn30:synset-delegate-verb-1: 1
wn30:synset-transport-verb-1: 1
wn30:synset-template-noun-1: 1
","inferred_Cocus-26
inferred_Cocus-213
inferred_confious-234
inferred_confOf15
inferred_MICRO14
inferred_MICRO15
inferred_MyReview-224
inferred_iasted10
","Person used by Template
User recieve use used by created Document Person
human is employed in institute
Organization Person employed By
Tutorial Proposal applies To
Worksop Proposal applies To Work Shop
Chair produces Output Document is Produced By
is used by Transport vehicle Delegate"
19,19,Type,"is Type Format Paper File
has Title is Type Of Submission includes Status
has Content Type
is Setting For Submission Feature Settings has Type",4,2,"frame:Type: 4
frame:Submitting_documents: 3
frame:Placing: 2
","wn30:synset-type-noun-1: 4
wn30:synset-submission-noun-1: 2
","wn30:synset-type-noun-1 - frame:Type: 4
wn30:synset-submission-noun-1 - frame:Submitting_documents - frame:Event: 2
","
","wn30:synset-feature-noun-1: 1
wn30:synset-paper-noun-1: 1
wn30:synset-setting-noun-1: 1
wn30:synset-content-noun-1: 1
wn30:synset-title-noun-1: 1
","inferred_OpenConf10
inferred_linklings12
inferred_linklings13
inferred_linklings15
","is Type Format Paper File
has Title is Type Of Submission includes Status
has Content Type
is Setting For Submission Feature Settings has Type"
20,20,Coming_up_with,"ACM SIGKDD designed by Deadline design
Delegate is designed for Mailing list
is designed for Delegate Coctail reception
Registration is designed for Delegate
Delegate Deadline is designed for done till
Social program is designed for Delegate
is designed for Delegate Coffee break
Departure is designed for tax
Invitation letter obtain Delegate is designed for
give Listener Speaker is designed for Lecture",10,2,"frame:Coming_up_with: 11
frame:Text: 2
","wn30:synset-plan-verb-3: 11
wn30:synset-delegate-verb-1: 7
wn30:synset-deadline-noun-1: 2
","wn30:synset-plan-verb-3 - frame:Coming_up_with: 11
","wn30:synset-by-adverb-1: 1
","wn30:synset-delegate-verb-1: 7
wn30:synset-deadline-noun-1: 2
","inferred_sigkdd6
inferred_iasted14
inferred_iasted11
inferred_iasted15
inferred_iasted73
inferred_iasted16
inferred_iasted12
inferred_iasted80
inferred_iasted1
inferred_iasted30
","ACM SIGKDD designed by Deadline design
Delegate is designed for Mailing list
is designed for Delegate Coctail reception
Registration is designed for Delegate
Delegate Deadline is designed for done till
Social program is designed for Delegate
is designed for Delegate Coffee break
Departure is designed for tax
Invitation letter obtain Delegate is designed for
give Listener Speaker is designed for Lecture"
21,21,Topic,"has Role Involved Panel is In Moderator Panelist
has Role Involved is In reviews
Applicant Application is Role Involved In has
Paper Author is Role Involved In has",4,1,"frame:Topic: 4
","wn30:synset-involve-verb-1: 4
wn30:synset-function-noun-3: 4
wn30:synset-in-adverb-1: 4
","wn30:synset-involve-verb-1 - frame:Topic: 4
","wn30:synset-in-adverb-1: 4
","wn30:synset-function-noun-3: 4
","inferred_linklings18
inferred_linklings9
inferred_linklings23
inferred_linklings24
","has Role Involved Panel is In Moderator Panelist
has Role Involved is In reviews
Applicant Application is Role Involved In has
Paper Author is Role Involved In has"
22,22,Discussion,"Conference has Name Theme
has Subject Area Paper
Conference date
Topic of conference Conference
Date Conference
has Topic Conference",6,4,"frame:Discussion: 6
frame:Topic: 4
","wn30:synset-conference-noun-1: 6
wn30:synset-subject-noun-1: 4
","wn30:synset-conference-noun-1 - frame:Discussion - frame:Reciprocality: 6
wn30:synset-subject-noun-1 - frame:Topic: 4
","
","wn30:synset-date-noun-1: 2
","inferred_linklings7
inferred_cmt-211
inferred_cmt-223
inferred_PCS13
inferred_PCS14
inferred_edas6
","Conference has Name Theme
has Subject Area Paper
Conference date
Topic of conference Conference
Date Conference
has Topic Conference"
23,23,synset-paper-noun-1,"is concerned paper reviewing proces
Rejected Paper rejection notification email is concerned paper
is concerned paper Accepted Paper acceptance notification email
abstract of paper is concerned
Undecided Paper goes through is concerned paper assignment submission process reviewing proces
has author paper is of human concerned Contact Person",6,1,"frame:Emotion_directed: 6
frame:Respond_to_proposal: 2
","wn30:synset-paper-noun-1: 9
wn30:synset-concerned-adjective-1: 6
wn30:synset-electronic_mail-noun-1: 2
wn30:synset-presentment-noun-1: 2
wn30:synset-review-verb-1: 2
","wn30:synset-concerned-adjective-1 - frame:Emotion_directed: 6
","wn30:synset-abstract-adjective-1: 1
wn30:synset-on_the_fence-adjectivesatellite-1: 1
wn30:synset-accepted-adjectivesatellite-1: 1
wn30:synset-human-adjective-1: 1
wn30:synset-through-adverb-1: 1
","wn30:synset-paper-noun-1: 9
","inferred_confious-237
inferred_confious-251
inferred_confious-252
inferred_confious-247
inferred_confious-238
inferred_confious-243
","is concerned paper reviewing proces
Rejected Paper rejection notification email is concerned paper
is concerned paper Accepted Paper acceptance notification email
abstract of paper is concerned
Undecided Paper goes through is concerned paper assignment submission process reviewing proces
has author paper is of human concerned Contact Person"
24,24,synset-reviewer-noun-1,"Paper Meta- Reviewer read By
reviewer Of Paper Possible Reviewer
has Review Possible Reviewer review Written By Of Paper
Possible Reviewer has Paper
Possible Reviewer Assigned Paper has",5,2,"frame:Possibility: 4
","wn30:synset-reviewer-noun-1: 6
wn30:synset-paper-noun-1: 5
wn30:synset-possible-adjective-1: 4
","wn30:synset-possible-adjective-1 - frame:Possibility: 4
","wn30:synset-by-adverb-1: 2
","wn30:synset-reviewer-noun-1: 6
wn30:synset-paper-noun-1: 5
","inferred_cmt-210
inferred_ekaw6
inferred_ekaw7
inferred_ekaw5
inferred_ekaw8
","Paper Meta- Reviewer read By
reviewer Of Paper Possible Reviewer
has Review Possible Reviewer review Written By Of Paper
Possible Reviewer has Paper
Possible Reviewer Assigned Paper has"
25,25,Inclusion - Cause_to_be_included,"is Included Activity Topic has
includes PC Members List Proceedings
cooperates Reviewer External
Index Of Authors includes Proceedings
includes External Reviewers List Proceedings
includes Accepted Paper Proceedings
Cd proceening obtain Author cd proceedings included",7,3,"frame:Inclusion: 6
frame:Cause_to_be_included: 6
","wn30:synset-include-verb-1: 6
wn30:synset-proceeding-noun-1: 5
wn30:synset-list-noun-1: 2
wn30:synset-writer-noun-1: 2
wn30:synset-compact_disk-noun-1: 2
wn30:synset-external-adjective-1: 2
","wn30:synset-include-verb-1 - frame:Cause_to_be_included - frame:Event: 6
wn30:synset-include-verb-1 - frame:Inclusion: 6
","wn30:synset-external-adjective-1: 2
","wn30:synset-proceeding-noun-1: 5
wn30:synset-writer-noun-1: 2
wn30:synset-compact_disk-noun-1: 2
","inferred_MICRO4
inferred_MyReview-228
inferred_MyReview-22
inferred_MyReview-227
inferred_MyReview-226
inferred_MyReview-225
inferred_iasted69
","is Included Activity Topic has
includes PC Members List Proceedings
cooperates Reviewer External
Index Of Authors includes Proceedings
includes External Reviewers List Proceedings
includes Accepted Paper Proceedings
Cd proceening obtain Author cd proceedings included"
26,26,People,Person modified by Detail,1,1,"frame:People: 1
","wn30:synset-detail-noun-1: 1
wn30:synset-by-adverb-1: 1
wn30:synset-person-noun-1: 1
wn30:synset-modify-verb-1: 1
","wn30:synset-person-noun-1 - frame:People - frame:Entity: 1
","wn30:synset-by-adverb-1: 1
","wn30:synset-detail-noun-1: 1
wn30:synset-modify-verb-1: 1
","inferred_Cocus-24
",Person modified by Detail
27,27,Path_traveled - Roadways - Building_subparts,"Workshop has workshops Conference volume
was a track-workshop chair of has track-workshop-tutorial Track-workshop Conference part
has a track-workshop-tutorial topic is topis of conference parts Topic Conference part
has tracks Track Conference volume",4,1,"frame:Path_traveled: 6
frame:Roadways: 6
frame:Building_subparts: 6
frame:Discussion: 5
","wn30:synset-path-noun-4: 6
wn30:synset-workshop-noun-1: 6
wn30:synset-conference-noun-1: 5
","wn30:synset-workshop-noun-1 - frame:Building_subparts: 6
wn30:synset-path-noun-4 - frame:Roadways - frame:Locale: 6
wn30:synset-path-noun-4 - frame:Path_traveled: 6
wn30:synset-conference-noun-1 - frame:Discussion - frame:Reciprocality: 5
","
","wn30:synset-volume-noun-1: 2
wn30:synset-tutorial-noun-1: 2
wn30:synset-angstrom-noun-1: 2
","inferred_conference-28
inferred_conference-229
inferred_conference-230
inferred_conference-26
","Workshop has workshops Conference volume
was a track-workshop chair of has track-workshop-tutorial Track-workshop Conference part
has a track-workshop-tutorial topic is topis of conference parts Topic Conference part
has tracks Track Conference volume"
28,28,synset-update-verb-2,"Document Person author Of has Updated Version updated written By
Accepted Paper Camera Ready updated Version Of",2,1,"frame:Type: 2
","wn30:synset-update-verb-2: 3
wn30:synset-version-noun-2: 2
","wn30:synset-version-noun-2 - frame:Type: 2
","wn30:synset-by-adverb-1: 1
wn30:synset-accepted-adjectivesatellite-1: 1
","wn30:synset-update-verb-2: 3
","inferred_ekaw16
inferred_ekaw11
","Document Person author Of has Updated Version updated written By
Accepted Paper Camera Ready updated Version Of"
29,29,Purpose - Project,"Program chair Conference made by planned papers Planed Paper is in program
has Session Chair Program Assigned Conference
has a program committee Program was of Conference volume
program has session
participant conference has program submits to
Publication Final manuscript is made from",6,5,"frame:Purpose: 8
frame:Project: 8
frame:Discussion: 4
","wn30:synset-plan-noun-1: 8
wn30:synset-conference-noun-1: 4
wn30:synset-chair-noun-1: 2
wn30:synset-make-verb-2: 2
wn30:synset-session-noun-1: 2
","wn30:synset-plan-noun-1 - frame:Purpose: 8
wn30:synset-plan-noun-1 - frame:Project: 8
wn30:synset-conference-noun-1 - frame:Discussion - frame:Reciprocality: 4
","wn30:synset-in-adverb-1: 1
wn30:synset-by-adverb-1: 1
wn30:synset-assigned-adjective-1: 1
","wn30:synset-chair-noun-1: 2
wn30:synset-session-noun-1: 2
","inferred_OpenConf17
inferred_linklings22
inferred_conference-24
inferred_crs_dr5
inferred_crs_dr7
inferred_iasted63
","Program chair Conference made by planned papers Planed Paper is in program
has Session Chair Program Assigned Conference
has a program committee Program was of Conference volume
program has session
participant conference has program submits to
Publication Final manuscript is made from"
30,30,Gizmo - Causation - Membership - Discussion,"is made by conference setup sets member human
conference setup includes topic human Program Committee member has of interest
sets member RPC conference setup is author of performed by Regular Program Committee lower tier reviewing process review
conference setup has author review form is concerned confernce Program Committee member
Program Committee Chair conference setup sets member PCC
is made by conference setup concerned confernce Program Committee Chair sets member PCC
is supervised by conference setup sets member SPC Senior Program Committee supervises activity lower tier reviewing process",7,1,"frame:Gizmo: 7
frame:Causation: 7
frame:Membership: 7
frame:Discussion: 7
frame:Organization: 6
frame:Purpose: 6
frame:Project: 6
frame:Placing: 5
","wn30:synset-conference-noun-1: 7
wn30:synset-member-noun-1: 7
wn30:synset-apparatus-noun-1: 7
wn30:synset-committee-noun-1: 6
wn30:synset-plan-noun-1: 6
wn30:synset-put-verb-1: 5
wn30:synset-by-adverb-1: 4
wn30:synset-review-verb-1: 4
","wn30:synset-apparatus-noun-1 - frame:Gizmo: 7
wn30:synset-conference-noun-1 - frame:Discussion - frame:Reciprocality: 7
wn30:synset-member-noun-1 - frame:Membership - frame:Being_included: 7
wn30:synset-committee-noun-1 - frame:Organization - frame:Aggregate: 6
wn30:synset-plan-noun-1 - frame:Project: 6
wn30:synset-plan-noun-1 - frame:Purpose: 6
wn30:synset-put-verb-1 - frame:Causation - frame:Event: 5
wn30:synset-put-verb-1 - frame:Placing - frame:Event: 5
","wn30:synset-by-adverb-1: 4
","wn30:synset-review-verb-1: 4
","inferred_confious-233
inferred_confious-250
inferred_confious-219
inferred_confious-217
inferred_confious-223
inferred_confious-226
inferred_confious-240
","is made by conference setup sets member human
conference setup includes topic human Program Committee member has of interest
sets member RPC conference setup is author of performed by Regular Program Committee lower tier reviewing process review
conference setup has author review form is concerned confernce Program Committee member
Program Committee Chair conference setup sets member PCC
is made by conference setup concerned confernce Program Committee Chair sets member PCC
is supervised by conference setup sets member SPC Senior Program Committee supervises activity lower tier reviewing process"
31,31,Recording - Becoming_aware,"Account registred by Person register
has Program Assigned is Type Of Content registers Reviewed Registered By Setting For Session Set Submission Status
Administrator registers has Person Assigned Admin Registered Role
has Status is Of Paper",4,3,"frame:Recording: 4
frame:Becoming_aware: 4
frame:Occupy_rank: 2
frame:People: 2
frame:Placing: 2
frame:Causation: 2
","wn30:synset-register-verb-1: 4
wn30:synset-person-noun-1: 2
wn30:synset-status-noun-1: 2
wn30:synset-assigned-adjective-1: 2
wn30:synset-by-adverb-1: 2
wn30:synset-put-verb-1: 2
","wn30:synset-register-verb-1 - frame:Becoming_aware - frame:Perception: 4
wn30:synset-register-verb-1 - frame:Recording - frame:Statement: 4
wn30:synset-person-noun-1 - frame:People - frame:Entity: 2
wn30:synset-put-verb-1 - frame:Placing - frame:Event: 2
wn30:synset-status-noun-1 - frame:Occupy_rank: 2
wn30:synset-put-verb-1 - frame:Causation - frame:Event: 2
","wn30:synset-by-adverb-1: 2
wn30:synset-assigned-adjective-1: 2
","wn30:synset-administrator-noun-1: 1
wn30:synset-paper-noun-1: 1
wn30:synset-review-verb-1: 1
wn30:synset-function-noun-3: 1
wn30:synset-session-noun-1: 1
wn30:synset-content-noun-1: 1
","inferred_Cocus-22
inferred_linklings1
inferred_linklings10
inferred_MyReview-25
","Account registred by Person register
has Program Assigned is Type Of Content registers Reviewed Registered By Setting For Session Set Submission Status
Administrator registers has Person Assigned Admin Registered Role
has Status is Of Paper"
32,32,Placing - Causation,"Role Settings is Set By Administrator sets Setting
sets Setting has Settings
is Set By sets Setting Administrator Submission Feature Settings
Reviewer is Status Set By Submission
has Submission Status sets is Set By
Role Settings has Setting is For
takes Place Location Conference",7,2,"frame:Placing: 13
frame:Causation: 13
","wn30:synset-put-verb-1: 13
wn30:synset-setting-noun-1: 4
wn30:synset-by-adverb-1: 4
wn30:synset-submission-noun-1: 3
","wn30:synset-put-verb-1 - frame:Placing - frame:Event: 13
wn30:synset-put-verb-1 - frame:Causation - frame:Event: 13
","wn30:synset-by-adverb-1: 4
","wn30:synset-setting-noun-1: 4
wn30:synset-administrator-noun-1: 2
wn30:synset-function-noun-3: 2
","inferred_linklings17
inferred_linklings4
inferred_linklings16
inferred_linklings3
inferred_linklings2
inferred_linklings11
inferred_MICRO2
","Role Settings is Set By Administrator sets Setting
sets Setting has Settings
is Set By sets Setting Administrator Submission Feature Settings
Reviewer is Status Set By Submission
has Submission Status sets is Set By
Role Settings has Setting is For
takes Place Location Conference"
33,33,synset-paper-noun-1,"will advocate to by Advocated Paper Advocate
Title Paper Keywords
Paper Id Submitted
Students Paper
Paper paper ID
Paper has Decision
has Title Author Paper ID",7,3,"frame:Attempt_suasion: 2
","wn30:synset-paper-noun-1: 8
wn30:synset-Idaho-noun-1: 3
","wn30:synset-recommend-verb-1 - frame:Attempt_suasion - frame:Event: 2
","wn30:synset-by-adverb-1: 1
","wn30:synset-paper-noun-1: 8
wn30:synset-Idaho-noun-1: 3
","inferred_OpenConf18
inferred_OpenConf15
inferred_OpenConf11
inferred_OpenConf16
inferred_cmt-212
inferred_cmt-29
inferred_MyReview-24
","will advocate to by Advocated Paper Advocate
Title Paper Keywords
Paper Id Submitted
Students Paper
Paper paper ID
Paper has Decision
has Title Author Paper ID"
34,34,synset-busy-verb-1,"scientifically Organises Academic Institution Organised By
Sponsor occupy company house is occupied by
Conference building is situated in Delegate occupied by Session room
is situated in Sponsor state company house occupy
Presenter state is occupied by Delegate occupy
Sponsor city is occupied by company house situated in occupy
is occupied by Delegate situated in occupy Presenter city house
Presenter state is occupied by situated in Delegate occupy house",8,2,"frame:Buildings: 6
frame:Political_locales: 5
frame:Businesses: 4
frame:Giving: 3
","wn30:synset-busy-verb-1: 12
wn30:synset-by-adverb-1: 7
wn30:synset-in-adverb-1: 5
wn30:synset-situate-verb-1: 5
wn30:synset-house-noun-1: 5
wn30:synset-delegate-verb-1: 4
","wn30:synset-house-noun-1 - frame:Buildings - frame:Entity: 5
wn30:synset-donor-noun-1 - frame:Giving - frame:Lose_possession_scenario: 3
wn30:synset-state-noun-1 - frame:Political_locales - frame:Locale: 3
wn30:synset-company-noun-1 - frame:Businesses: 3
","wn30:synset-by-adverb-1: 7
wn30:synset-in-adverb-1: 5
","wn30:synset-busy-verb-1: 12
wn30:synset-situate-verb-1: 5
","inferred_ekaw2
inferred_iasted39
inferred_iasted27
inferred_iasted40
inferred_iasted7
inferred_iasted37
inferred_iasted4
inferred_iasted5
","scientifically Organises Academic Institution Organised By
Sponsor occupy company house is occupied by
Conference building is situated in Delegate occupied by Session room
is situated in Sponsor state company house occupy
Presenter state is occupied by Delegate occupy
Sponsor city is occupied by company house situated in occupy
is occupied by Delegate situated in occupy Presenter city house
Presenter state is occupied by situated in Delegate occupy house"
35,35,Intentionally_act - Organization - Membership - Means - Purpose - Project,"assign paper is followed by Program Committee member Chair human performed assignment lower tier reviewing process
Senior Program Committee member is followed by human performed upper tier reviewing process checked in notification lower",2,1,"frame:Intentionally_act: 2
frame:Organization: 2
frame:Membership: 2
frame:Means: 2
frame:Purpose: 2
frame:Project: 2
","wn30:synset-follow-verb-1: 2
wn30:synset-lower-verb-1: 2
wn30:synset-member-noun-1: 2
wn30:synset-grade-noun-2: 2
wn30:synset-by-adverb-1: 2
wn30:synset-human-adjective-1: 2
wn30:synset-committee-noun-1: 2
wn30:synset-procedure-noun-1: 2
wn30:synset-plan-noun-1: 2
wn30:synset-review-verb-1: 2
wn30:synset-perform-verb-1: 2
","wn30:synset-plan-noun-1 - frame:Purpose: 2
wn30:synset-perform-verb-1 - frame:Intentionally_act - frame:Event: 2
wn30:synset-plan-noun-1 - frame:Project: 2
wn30:synset-member-noun-1 - frame:Membership - frame:Being_included: 2
wn30:synset-procedure-noun-1 - frame:Means: 2
wn30:synset-committee-noun-1 - frame:Organization - frame:Aggregate: 2
","wn30:synset-human-adjective-1: 2
wn30:synset-by-adverb-1: 2
","wn30:synset-lower-verb-1: 2
wn30:synset-follow-verb-1: 2
wn30:synset-review-verb-1: 2
wn30:synset-grade-noun-2: 2
","inferred_confious-235
inferred_confious-242
","assign paper is followed by Program Committee member Chair human performed assignment lower tier reviewing process
Senior Program Committee member is followed by human performed upper tier reviewing process checked in notification lower"
36,36,Commutative_process - Cause_to_be_included - Cause_change_of_position_on_a_scale,"added by add Person
add remove Author
Administrator added By set Max Papers Program Committee Member add",3,2,"frame:Commutative_process: 5
frame:Cause_to_be_included: 5
frame:Cause_change_of_position_on_a_scale: 5
","wn30:synset-add-verb-1: 5
wn30:synset-by-adverb-1: 2
","wn30:synset-add-verb-1 - frame:Cause_change_of_position_on_a_scale - frame:Event: 5
wn30:synset-add-verb-1 - frame:Cause_to_be_included - frame:Event: 5
wn30:synset-add-verb-1 - frame:Commutative_process: 5
","wn30:synset-by-adverb-1: 2
","wn30:synset-soap-noun-3: 1
wn30:synset-writer-noun-1: 1
wn30:synset-administrator-noun-1: 1
","inferred_Cocus-23
inferred_Cocus-220
inferred_cmt-23
","added by add Person
add remove Author
Administrator added By set Max Papers Program Committee Member add"
37,37,synset-session-noun-1,"Session has
hosts Slot has Chair is Associated To room Session
Session Lecturer give room is held in",3,3,"frame:Building_subparts: 2
","wn30:synset-session-noun-1: 3
wn30:synset-hold-verb-3: 2
wn30:synset-room-noun-1: 2
","wn30:synset-room-noun-1 - frame:Building_subparts: 2
","wn30:synset-in-adverb-1: 1
","wn30:synset-session-noun-1: 3
wn30:synset-hold-verb-3: 2
","inferred_linklings5
inferred_MyReview-214
inferred_iasted35
","Session has
hosts Slot has Chair is Associated To room Session
Session Lecturer give room is held in"
38,38,synset-fee-noun-1 - synset-registration-noun-1,"Price Registration fee
Student registration fee pay non speaker
is designed for pay Nonmember registration fee IASTED non member
Author attendee cd registration fee is paid for Cd proceening
IASTED member pay Memeber registration fee is designed for
Nonauthor registration fee is designed for Non speaker
Worker non speaker Nonauthor registration fee pay",7,2,"frame:Commerce_pay: 5
frame:Negation: 4
frame:Coming_up_with: 3
","wn30:synset-fee-noun-1: 7
wn30:synset-registration-noun-1: 7
wn30:synset-pay-verb-1: 5
wn30:synset-not-adverb-1: 4
wn30:synset-speaker-noun-1: 3
wn30:synset-plan-verb-3: 3
","wn30:synset-pay-verb-1 - frame:Commerce_pay - frame:Event: 5
wn30:synset-not-adverb-1 - frame:Negation - frame:Alternativity: 4
wn30:synset-plan-verb-3 - frame:Coming_up_with: 3
","
","wn30:synset-fee-noun-1: 7
wn30:synset-registration-noun-1: 7
","inferred_sigkdd2
inferred_iasted77
inferred_iasted76
inferred_iasted68
inferred_iasted74
inferred_iasted66
inferred_iasted67
","Price Registration fee
Student registration fee pay non speaker
is designed for pay Nonmember registration fee IASTED non member
Author attendee cd registration fee is paid for Cd proceening
IASTED member pay Memeber registration fee is designed for
Nonauthor registration fee is designed for Non speaker
Worker non speaker Nonauthor registration fee pay"
39,39,synset-award-noun-1,"Deadline Author notification obtain Award until
award Award Organizator awarded by
Author of paper student award Best Student Paper Award
Best Research Paper Award award Applications Author of paper",4,1,"frame:Using: 1
frame:Getting: 1
frame:Purpose: 1
frame:Research: 1
","wn30:synset-award-noun-1: 8
wn30:synset-paper-noun-1: 4
wn30:synset-writer-noun-1: 3
","wn30:synset-research-noun-1 - frame:Research - frame:Scrutiny: 1
wn30:synset-application-noun-1 - frame:Using - frame:Event: 1
wn30:synset-obtain-verb-1 - frame:Getting - frame:Event: 1
wn30:synset-application-noun-1 - frame:Purpose: 1
","wn30:synset-best-adjective-1: 2
","wn30:synset-award-noun-1: 8
wn30:synset-paper-noun-1: 4
","inferred_sigkdd10
inferred_sigkdd14
inferred_sigkdd17
inferred_sigkdd16
","Deadline Author notification obtain Award until
award Award Organizator awarded by
Author of paper student award Best Student Paper Award
Best Research Paper Award award Applications Author of paper"
40,40,Communication_manner - Text_creation - Statement,"Speaker spoken By Paper speaks
has tutorials Tutorial Conference volume
speak in Lecturer Session room
Plenary lecture speaker speak in Conference hall
speak in Tutorial speaker Conference hall
Conference building is situated in hall",6,3,"frame:Communication_manner: 5
frame:Text_creation: 5
frame:Statement: 5
frame:Building_subparts: 4
frame:Discussion: 4
","wn30:synset-talk-verb-2: 5
wn30:synset-conference-noun-1: 4
wn30:synset-in-adverb-1: 4
wn30:synset-speaker-noun-1: 3
wn30:synset-tutorial-noun-1: 3
wn30:synset-hallway-noun-1: 3
","wn30:synset-talk-verb-2 - frame:Text_creation - frame:Event: 5
wn30:synset-talk-verb-2 - frame:Statement: 5
wn30:synset-talk-verb-2 - frame:Communication_manner - frame:Event: 5
wn30:synset-conference-noun-1 - frame:Discussion - frame:Reciprocality: 4
","wn30:synset-in-adverb-1: 4
","wn30:synset-speaker-noun-1: 3
wn30:synset-tutorial-noun-1: 3
","inferred_paperdyne6
inferred_conference-27
inferred_iasted36
inferred_iasted50
inferred_iasted54
inferred_iasted51
","Speaker spoken By Paper speaks
has tutorials Tutorial Conference volume
speak in Lecturer Session room
Plenary lecture speaker speak in Conference hall
speak in Tutorial speaker Conference hall
Conference building is situated in hall"
41,41,Submitting_documents,"Content Submission has
Paper Deadline Submission submit until Author
submit until Deadline Abstract Submission
Activity Submission Form is Member Of has Members Committee Submitted By
submission Deadline Activity Submission Form
Activity Submission Form Author is Submitted By Of has
has Submission Deadline Call Instructions
Speaker is writen by Submission",8,5,"frame:Submitting_documents: 12
frame:Intentionally_act: 3
","wn30:synset-submission-noun-1: 9
wn30:synset-deadline-noun-1: 4
wn30:synset-submit-verb-1: 3
wn30:synset-form-noun-1: 3
wn30:synset-activity-noun-1: 3
wn30:synset-by-adverb-1: 3
","wn30:synset-submission-noun-1 - frame:Submitting_documents - frame:Event: 9
wn30:synset-activity-noun-1 - frame:Intentionally_act - frame:Event: 3
wn30:synset-submit-verb-1 - frame:Submitting_documents - frame:Event: 3
","wn30:synset-by-adverb-1: 3
","wn30:synset-deadline-noun-1: 4
wn30:synset-form-noun-1: 3
wn30:synset-writer-noun-1: 2
","inferred_linklings14
inferred_sigkdd11
inferred_sigkdd18
inferred_MICRO13
inferred_MICRO11
inferred_MICRO10
inferred_edas14
inferred_iasted32
","Content Submission has
Paper Deadline Submission submit until Author
submit until Deadline Abstract Submission
Activity Submission Form is Member Of has Members Committee Submitted By
submission Deadline Activity Submission Form
Activity Submission Form Author is Submitted By Of has
has Submission Deadline Call Instructions
Speaker is writen by Submission"
42,42,Event - Timespan,"Time Interval has
Time Interval Event has
is present Time One day presenter",3,2,"frame:Event: 4
frame:Timespan: 4
frame:Event_instance: 3
frame:Location_in_time: 3
","wn30:synset-time-noun-1: 3
wn30:synset-interval-noun-2: 2
","wn30:synset-time-noun-1 - frame:Timespan: 3
wn30:synset-time-noun-1 - frame:Location_in_time: 3
wn30:synset-time-noun-1 - frame:Event_instance - frame:Instance: 3
","
","wn30:synset-interval-noun-2: 2
","inferred_linklings21
inferred_linklings20
inferred_iasted21
","Time Interval has
Time Interval Event has
is present Time One day presenter"
43,43,Travel,"full paper size
ACM SIGKDD hold Conference
Trip day Delegate is designed for held in Full tour
is visited by Conference Hiker Trip city held in Full day tour
go through Full day tour Conference Hiker
Conference Hiker Fee for extra trip is paid by Full day tour
is designed for Delegate Full day tour
Conference days Registration fee activity state is paid for held in",8,3,"frame:Travel: 9
frame:Timespan: 6
frame:Calendric_unit: 6
frame:Abounding_with: 6
frame:Measure_duration: 6
frame:Fullness: 6
frame:Discussion: 5
frame:Touring: 5
frame:Activity_ongoing: 4
frame:Cause_to_continue: 4
","wn30:synset-full-adjective-1: 6
wn30:synset-day-noun-1: 6
wn30:synset-conference-noun-1: 5
wn30:synset-tour-noun-1: 5
wn30:synset-keep-verb-1: 4
wn30:synset-hiker-noun-1: 3
wn30:synset-in-adverb-1: 3
wn30:synset-trip-noun-1: 3
","wn30:synset-full-adjective-1 - frame:Fullness - frame:Attributes: 6
wn30:synset-day-noun-1 - frame:Calendric_unit - frame:Location_in_time: 6
wn30:synset-day-noun-1 - frame:Timespan: 6
wn30:synset-full-adjective-1 - frame:Abounding_with - frame:Stateframe:Relation: 6
wn30:synset-day-noun-1 - frame:Measure_duration - frame:Measures: 6
wn30:synset-tour-noun-1 - frame:Touring - frame:Perceptionframe:Event: 5
wn30:synset-conference-noun-1 - frame:Discussion - frame:Reciprocality: 5
wn30:synset-tour-noun-1 - frame:Travel - frame:Event: 5
wn30:synset-keep-verb-1 - frame:Cause_to_continue - frame:Event: 4
wn30:synset-keep-verb-1 - frame:Activity_ongoing - frame:Process_continue: 4
","wn30:synset-in-adverb-1: 3
wn30:synset-by-adverb-1: 2
","wn30:synset-hiker-noun-1: 3
wn30:synset-fee-noun-1: 2
wn30:synset-delegate-verb-1: 2
","inferred_confious-244
inferred_sigkdd7
inferred_iasted43
inferred_iasted42
inferred_iasted44
inferred_iasted41
inferred_iasted45
inferred_iasted59
","full paper size
ACM SIGKDD hold Conference
Trip day Delegate is designed for held in Full tour
is visited by Conference Hiker Trip city held in Full day tour
go through Full day tour Conference Hiker
Conference Hiker Fee for extra trip is paid by Full day tour
is designed for Delegate Full day tour
Conference days Registration fee activity state is paid for held in"
44,44,Intentionally_act,"Program Comitee Chair Conflict Of Interest views managed By Rules manages visible
bidding of reviewer paper Program Committee member human is performed by concerned activity intensity has
paper Program Committee Chair human is performed by concerned article notification has result
is supervised by monitored supervises followed human performed performs activity
managing of conference process setup paper is concerned confernce
is followed by human performed Contact Person paper assignment submission process
managing of conference process is performed by performs activity Program Committee Chair
is Conducted By conducts Activity Author
is dated on Activity",9,4,"frame:Intentionally_act: 12
frame:Operating_a_system: 4
frame:Purpose: 4
frame:Emotion_directed: 4
frame:Project: 4
frame:Successful_action: 4
frame:Success_or_failure: 4
frame:Means: 3
frame:Organization: 3
","wn30:synset-by-adverb-1: 7
wn30:synset-perform-verb-1: 7
wn30:synset-activity-noun-1: 5
wn30:synset-pull_off-verb-3: 4
wn30:synset-human-adjective-1: 4
wn30:synset-paper-noun-1: 4
wn30:synset-plan-noun-1: 4
wn30:synset-chair-noun-1: 3
wn30:synset-committee-noun-1: 3
wn30:synset-concerned-adjective-1: 3
wn30:synset-procedure-noun-1: 3
","wn30:synset-perform-verb-1 - frame:Intentionally_act - frame:Event: 7
wn30:synset-activity-noun-1 - frame:Intentionally_act - frame:Event: 5
wn30:synset-pull_off-verb-3 - frame:Operating_a_system - frame:Event: 4
wn30:synset-pull_off-verb-3 - frame:Successful_action: 4
wn30:synset-plan-noun-1 - frame:Project: 4
wn30:synset-pull_off-verb-3 - frame:Success_or_failure: 4
wn30:synset-plan-noun-1 - frame:Purpose: 4
wn30:synset-concerned-adjective-1 - frame:Emotion_directed: 3
wn30:synset-committee-noun-1 - frame:Organization - frame:Aggregate: 3
wn30:synset-procedure-noun-1 - frame:Means: 3
","wn30:synset-by-adverb-1: 7
wn30:synset-human-adjective-1: 4
","wn30:synset-paper-noun-1: 4
wn30:synset-chair-noun-1: 3
wn30:synset-oversee-verb-1: 2
wn30:synset-follow-verb-1: 2
wn30:synset-conduct-verb-1: 2
","inferred_paperdyne20
inferred_confious-248
inferred_confious-249
inferred_confious-231
inferred_confious-224
inferred_confious-239
inferred_confious-227
inferred_MICRO5
inferred_iasted20
","Program Comitee Chair Conflict Of Interest views managed By Rules manages visible
bidding of reviewer paper Program Committee member human is performed by concerned activity intensity has
paper Program Committee Chair human is performed by concerned article notification has result
is supervised by monitored supervises followed human performed performs activity
managing of conference process setup paper is concerned confernce
is followed by human performed Contact Person paper assignment submission process
managing of conference process is performed by performs activity Program Committee Chair
is Conducted By conducts Activity Author
is dated on Activity"
45,45,Being_named - People - Political_locales,"Surname Country E-mail Name People Organisation
Nation E-mail Person Name
has Postal Code Surname Home Page Fax Person
Country Person has
has Country Conference",5,4,"frame:Being_named: 4
frame:People: 4
frame:Political_locales: 4
","wn30:synset-state-noun-4: 4
wn30:synset-person-noun-1: 3
wn30:synset-surname-noun-1: 2
wn30:synset-name-noun-1: 2
wn30:synset-electronic_mail-noun-1: 2
","wn30:synset-state-noun-4 - frame:Political_locales - frame:Locale: 4
wn30:synset-person-noun-1 - frame:People - frame:Entity: 3
wn30:synset-name-noun-1 - frame:Being_named: 2
wn30:synset-name-noun-1 - frame:Referring_by_name: 2
wn30:synset-surname-noun-1 - frame:Being_named: 2
","wn30:synset-postal-adjective-1: 1
","wn30:synset-electronic_mail-noun-1: 2
","inferred_OpenConf12
inferred_sigkdd3
inferred_confOf2
inferred_confOf14
inferred_edas5
","Surname Country E-mail Name People Organisation
Nation E-mail Person Name
has Postal Code Surname Home Page Fax Person
Country Person has
has Country Conference"
46,46,synset-sponsorship-noun-1,"is Provider Of provided By Sponsorship Organization
Sponsorship has Cost Currency
Sponsorship has Cost Amount",3,1,"frame:Expensiveness: 2
","wn30:synset-sponsorship-noun-1: 3
wn30:synset-cost-noun-1: 2
","wn30:synset-cost-noun-1 - frame:Expensiveness: 2
","wn30:synset-by-adverb-1: 1
","wn30:synset-sponsorship-noun-1: 3
","inferred_edas10
inferred_edas11
inferred_edas12
","is Provider Of provided By Sponsorship Organization
Sponsorship has Cost Currency
Sponsorship has Cost Amount"
47,47,Activity_ready_state,"Important dates is a date of camera ready paper submission starting an abstract ending
conference setup end date of camera-ready submission sets camera ready
start date of camera-ready submission conference setup sets camera ready
sets start date of abstract submission conference setup
conference setup sets start date or full paper submission of
Camera Ready Paper Conference Participant written By",6,3,"frame:Activity_ready_state: 6
frame:Submitting_documents: 5
frame:Discussion: 5
frame:Process_start: 4
frame:Activity_start: 4
frame:Gizmo: 4
frame:Placing: 4
frame:Causation: 4
frame:Setting_out: 4
","wn30:synset-camera-noun-1: 6
wn30:synset-ready-adjective-1: 6
wn30:synset-date-noun-1: 6
wn30:synset-conference-noun-1: 5
wn30:synset-submission-noun-1: 5
wn30:synset-apparatus-noun-1: 4
wn30:synset-put-verb-1: 4
wn30:synset-get_down-verb-7: 4
wn30:synset-paper-noun-1: 3
","wn30:synset-ready-adjective-1 - frame:Activity_ready_state - frame:State: 6
wn30:synset-submission-noun-1 - frame:Submitting_documents - frame:Event: 5
wn30:synset-conference-noun-1 - frame:Discussion - frame:Reciprocality: 5
wn30:synset-get_down-verb-7 - frame:Setting_out - frame:Event: 4
wn30:synset-put-verb-1 - frame:Placing - frame:Event: 4
wn30:synset-get_down-verb-7 - frame:Process_start - frame:Event: 4
wn30:synset-put-verb-1 - frame:Causation - frame:Event: 4
wn30:synset-get_down-verb-7 - frame:Activity_start - frame:Event: 4
wn30:synset-apparatus-noun-1 - frame:Gizmo: 4
","wn30:synset-abstract-adjective-1: 2
","wn30:synset-camera-noun-1: 6
wn30:synset-date-noun-1: 6
","inferred_conference-226
inferred_confious-28
inferred_confious-228
inferred_confious-210
inferred_confious-212
inferred_ekaw12
","Important dates is a date of camera ready paper submission starting an abstract ending
conference setup end date of camera-ready submission sets camera ready
start date of camera-ready submission conference setup sets camera ready
sets start date of abstract submission conference setup
conference setup sets start date or full paper submission of
Camera Ready Paper Conference Participant written By"
48,48,Containing - Inclusion,"Discussion Program Comitee Chair takes Place Location Meeting organises Conference contains
contains Evaluation is Contained In Review
volume Contains Paper Proceedings",3,3,"frame:Containing: 4
frame:Inclusion: 4
frame:Discussion: 2
","wn30:synset-incorporate-verb-2: 4
","wn30:synset-incorporate-verb-2 - frame:Containing - frame:Stateframe:Relation: 4
wn30:synset-incorporate-verb-2 - frame:Inclusion: 4
","wn30:synset-in-adverb-1: 1
","wn30:synset-chair-noun-1: 1
wn30:synset-organize-verb-4: 1
wn30:synset-review-verb-1: 1
wn30:synset-paper-noun-1: 1
wn30:synset-evaluation-noun-1: 1
wn30:synset-volume-noun-1: 1
wn30:synset-meeting-noun-1: 1
wn30:synset-proceeding-noun-1: 1
","inferred_paperdyne19
inferred_MyReview-221
inferred_ekaw4
","Discussion Program Comitee Chair takes Place Location Meeting organises Conference contains
contains Evaluation is Contained In Review
volume Contains Paper Proceedings"
49,49,Getting,"get Person Inforamtion
Conference Member Invitation get
PERSON Email get Message of email Receiver",3,2,"frame:Getting: 3
frame:People: 2
","wn30:synset-get-verb-1: 3
wn30:synset-person-noun-1: 2
wn30:synset-electronic_mail-noun-1: 2
","wn30:synset-get-verb-1 - frame:Getting - frame:Event: 3
wn30:synset-person-noun-1 - frame:People - frame:Entity: 2
","
","wn30:synset-electronic_mail-noun-1: 2
","inferred_Cocus-27
inferred_PCS12
inferred_PCS5
","get Person Inforamtion
Conference Member Invitation get
PERSON Email get Message of email Receiver"
50,50,Discussion,"has Phone Conference Attendant Adress
Conference Attendant paid
must Pay Conference Attendant Fee",3,1,"frame:Discussion: 3
","wn30:synset-conference-noun-1: 3
wn30:synset-attendant-noun-1: 3
wn30:synset-pay-verb-1: 2
","wn30:synset-conference-noun-1 - frame:Discussion - frame:Reciprocality: 3
","
","wn30:synset-attendant-noun-1: 3
","inferred_MyReview-26
inferred_MyReview-27
inferred_MyReview-28
","has Phone Conference Attendant Adress
Conference Attendant paid
must Pay Conference Attendant Fee"
51,51,Activity_start - Process_start - Setting_out,"starts Program Comitee Chair organises Conference started By finishes organised finished
details Entered By virtual Meeting Enabled Administrator Conference enter Review Criteria paper Assignment Tools Run run Paper hardcopy Mailing Manifests Printed review print Hardcopy Details Finalized start Reviewer Bidding reviewer Started finalize enable Virtual
Date Deadline Conference End of conference Start
ends on Event starts
has Start Date Time End Conference Event
Conference paper Due On has Name start Date",6,5,"frame:Activity_start: 8
frame:Process_start: 8
frame:Setting_out: 8
frame:Discussion: 6
frame:Process_end: 3
frame:Event: 3
","wn30:synset-get_down-verb-7: 8
wn30:synset-conference-noun-1: 6
wn30:synset-date-noun-1: 3
wn30:synset-paper-noun-1: 3
wn30:synset-end-verb-1: 3
wn30:synset-enter-verb-1: 2
wn30:synset-organize-verb-4: 2
wn30:synset-print-verb-1: 2
wn30:synset-event-noun-1: 2
wn30:synset-by-adverb-1: 2
wn30:synset-finalize-verb-1: 2
wn30:synset-complete-verb-1: 2
wn30:synset-run-verb-1: 2
wn30:synset-reviewer-noun-1: 2
wn30:synset-along-adverb-1: 2
wn30:synset-review-verb-1: 2
wn30:synset-enable-verb-1: 2
wn30:synset-virtual-adjectivesatellite-1: 2
","wn30:synset-get_down-verb-7 - frame:Process_start - frame:Event: 8
wn30:synset-get_down-verb-7 - frame:Setting_out - frame:Event: 8
wn30:synset-get_down-verb-7 - frame:Activity_start - frame:Event: 8
wn30:synset-conference-noun-1 - frame:Discussion - frame:Reciprocality: 6
wn30:synset-end-verb-1 - frame:Process_end - frame:Event: 3
","wn30:synset-along-adverb-1: 2
wn30:synset-by-adverb-1: 2
wn30:synset-virtual-adjectivesatellite-1: 2
","wn30:synset-paper-noun-1: 3
wn30:synset-date-noun-1: 3
wn30:synset-reviewer-noun-1: 2
wn30:synset-organize-verb-4: 2
wn30:synset-review-verb-1: 2
wn30:synset-finalize-verb-1: 2
wn30:synset-enable-verb-1: 2
wn30:synset-print-verb-1: 2
","inferred_paperdyne11
inferred_cmt-21
inferred_sigkdd13
inferred_confOf3
inferred_edas7
inferred_edas3
","starts Program Comitee Chair organises Conference started By finishes organised finished
details Entered By virtual Meeting Enabled Administrator Conference enter Review Criteria paper Assignment Tools Run run Paper hardcopy Mailing Manifests Printed review print Hardcopy Details Finalized start Reviewer Bidding reviewer Started finalize enable Virtual
Date Deadline Conference End of conference Start
ends on Event starts
has Start Date Time End Conference Event
Conference paper Due On has Name start Date"
52,52,Measure_volume - Containers - People - Existence - State_continue,"can stay in Place Person
can stay in Hotel Person",2,1,"frame:Measure_volume: 2
frame:Containers: 2
frame:People: 2
frame:Existence: 2
frame:State_continue: 2
","wn30:synset-can-noun-1: 2
wn30:synset-person-noun-1: 2
wn30:synset-in-adverb-1: 2
wn30:synset-stay-verb-1: 2
","wn30:synset-person-noun-1 - frame:People - frame:Entity: 2
wn30:synset-stay-verb-1 - frame:Existence - frame:State: 2
wn30:synset-can-noun-1 - frame:Containers: 2
wn30:synset-stay-verb-1 - frame:State_continue: 2
wn30:synset-can-noun-1 - frame:Measure_volume - frame:Measures: 2
","wn30:synset-in-adverb-1: 2
","
","inferred_sigkdd4
inferred_sigkdd5
","can stay in Place Person
can stay in Hotel Person"
53,53,Part_ordered_segments - Text,"Book proceeding is paid for Author attendee book registration fee
Book proceeding Author book proceedings included obtain",2,1,"frame:Part_ordered_segments: 4
frame:Text: 4
","wn30:synset-book-noun-1: 4
wn30:synset-writer-noun-1: 2
wn30:synset-proceeding-noun-1: 2
","wn30:synset-book-noun-1 - frame:Part_ordered_segments - frame:Being_included: 4
wn30:synset-book-noun-1 - frame:Text - frame:Entity: 4
","
","wn30:synset-proceeding-noun-1: 2
wn30:synset-writer-noun-1: 2
","inferred_iasted70
inferred_iasted71
","Book proceeding is paid for Author attendee book registration fee
Book proceeding Author book proceedings included obtain"
54,54,Speak_on_topic,"has Acronym works For Company Person Mail Lecture
applies To Lecture Paper
applies To Double Blind Review Lecture",3,1,"frame:Speak_on_topic: 3
frame:Using: 2
","wn30:synset-lecture-noun-1: 3
wn30:synset-use-verb-1: 2
","wn30:synset-lecture-noun-1 - frame:Speak_on_topic: 3
wn30:synset-use-verb-1 - frame:Using - frame:Event: 2
","wn30:synset-blind-adjective-1: 1
","wn30:synset-paper-noun-1: 1
wn30:synset-review-verb-1: 1
wn30:synset-double-noun-1: 1
wn30:synset-acronym-noun-1: 1
","inferred_MICRO12
inferred_MICRO8
inferred_MICRO7
","has Acronym works For Company Person Mail Lecture
applies To Lecture Paper
applies To Double Blind Review Lecture"
55,55,Appointing,"Administrator Role assign assigned by
Basic User has Person Assigned Role Self Registered
Paper Administrator has Been Assigned assigned To read By Reviewer assign
External Reviewer assign assigned By
has Conflicted Paper asks For Preference Chair paper Is Assigned To Reviewer Preferred",5,4,"frame:Appointing: 9
","wn30:synset-delegate-verb-2: 9
wn30:synset-by-adverb-1: 3
wn30:synset-paper-noun-1: 3
wn30:synset-reviewer-noun-1: 3
wn30:synset-administrator-noun-1: 2
wn30:synset-function-noun-3: 2
","wn30:synset-delegate-verb-2 - frame:Appointing - frame:Event: 9
","wn30:synset-by-adverb-1: 3
","wn30:synset-reviewer-noun-1: 3
wn30:synset-paper-noun-1: 3
wn30:synset-administrator-noun-1: 2
wn30:synset-function-noun-3: 2
","inferred_Cocus-219
inferred_linklings25
inferred_cmt-213
inferred_cmt-217
inferred_MyReview-21
","Administrator Role assign assigned by
Basic User has Person Assigned Role Self Registered
Paper Administrator has Been Assigned assigned To read By Reviewer assign
External Reviewer assign assigned By
has Conflicted Paper asks For Preference Chair paper Is Assigned To Reviewer Preferred"
56,56,Needing - Have_as_requirement - Required_event - Sign - Activity_prepare,"need is prepared by used needed for writen made from send signed given to obtain prepare Item sent sign Person write
Author is prepared by Speaker prepare Transparency
Viza is needed for Delegate need
Record of attendance is situated in Listener signed by Session room sign",4,1,"frame:Needing: 4
frame:Have_as_requirement: 4
frame:Required_event: 4
frame:Sign: 4
frame:Activity_prepare: 4
frame:Causation: 3
","wn30:synset-sign-noun-1: 4
wn30:synset-fix-verb-12: 4
wn30:synset-necessitate-verb-1: 4
wn30:synset-by-adverb-1: 3
wn30:synset-send-verb-1: 2
","wn30:synset-necessitate-verb-1 - frame:Needing: 4
wn30:synset-necessitate-verb-1 - frame:Required_event: 4
wn30:synset-sign-noun-1 - frame:Sign - frame:Event: 4
wn30:synset-necessitate-verb-1 - frame:Have_as_requirement - frame:Contingency: 4
wn30:synset-fix-verb-12 - frame:Activity_prepare: 4
wn30:synset-send-verb-1 - frame:Causation - frame:Event: 2
wn30:synset-send-verb-1 - frame:Sending: 2
","wn30:synset-by-adverb-1: 3
","wn30:synset-transparency-noun-2: 1
wn30:synset-situate-verb-1: 1
wn30:synset-writer-noun-1: 1
wn30:synset-speaker-noun-1: 1
wn30:synset-hearer-noun-1: 1
wn30:synset-yield-verb-1: 1
wn30:synset-item-noun-1: 1
wn30:synset-delegate-verb-1: 1
wn30:synset-session-noun-1: 1
","inferred_iasted17
inferred_iasted49
inferred_iasted3
inferred_iasted34
","need is prepared by used needed for writen made from send signed given to obtain prepare Item sent sign Person write
Author is prepared by Speaker prepare Transparency
Viza is needed for Delegate need
Record of attendance is situated in Listener signed by Session room sign"
57,57,Locale,"Conference logo URL site
Web Site Conference",2,2,"frame:Locale: 6
","wn30:synset-site-noun-1: 2
wn30:synset-conference-noun-1: 2
","wn30:synset-site-noun-1 - frame:Locale - frame:Locale: 2
wn30:synset-site-noun-1 - frame:Locale_by_use - frame:Locale: 2
wn30:synset-conference-noun-1 - frame:Discussion - frame:Reciprocality: 2
wn30:synset-site-noun-1 - frame:Locale_by_event - frame:Locale: 2
","
","wn30:synset-URL-noun-1: 1
wn30:synset-logo-noun-1: 1
wn30:synset-web-noun-1: 1
","inferred_cmt-25
inferred_PCS15
","Conference logo URL site
Web Site Conference"
58,58,synset-review-verb-1,"has author structure created by is of goes through human activity article in result sent to
review form paper is concerned activity created in
review form structure created by Program Committee Chair activity is in has result lower tier reviewing process
review form activity is checked in created has result lower tier reviewing process
has author Senior Program Committee member summary of reviews review upper tier reviewing process activity is created in result concerned",5,1,"frame:Building: 7
frame:Intentionally_create: 5
frame:Cause_to_start: 5
frame:Intentionally_act: 5
frame:Coming_up_with: 5
frame:Causation: 5
frame:Creating: 5
frame:Being_in_effect: 4
frame:Objective_influence: 4
frame:Means: 3
","wn30:synset-review-verb-1: 8
wn30:synset-make-verb-3: 5
wn30:synset-activity-noun-1: 5
wn30:synset-in-adverb-1: 5
wn30:synset-consequence-noun-1: 4
wn30:synset-grade-noun-2: 3
wn30:synset-form-noun-1: 3
wn30:synset-procedure-noun-1: 3
","wn30:synset-activity-noun-1 - frame:Intentionally_act - frame:Event: 5
wn30:synset-make-verb-3 - frame:Coming_up_with: 5
wn30:synset-make-verb-3 - frame:Intentionally_create - frame:Event: 5
wn30:synset-make-verb-3 - frame:Cause_to_start - frame:Event: 5
wn30:synset-make-verb-3 - frame:Creating - frame:Event: 5
wn30:synset-make-verb-3 - frame:Building - frame:Event: 5
wn30:synset-consequence-noun-1 - frame:Objective_influence - frame:Event: 4
wn30:synset-consequence-noun-1 - frame:Causation - frame:Event: 4
wn30:synset-consequence-noun-1 - frame:Being_in_effect: 4
wn30:synset-procedure-noun-1 - frame:Means: 3
","wn30:synset-in-adverb-1: 5
wn30:synset-by-adverb-1: 2
","wn30:synset-review-verb-1: 8
wn30:synset-form-noun-1: 3
wn30:synset-grade-noun-2: 3
","inferred_confious-230
inferred_confious-215
inferred_confious-214
inferred_confious-213
inferred_confious-241
","has author structure created by is of goes through human activity article in result sent to
review form paper is concerned activity created in
review form structure created by Program Committee Chair activity is in has result lower tier reviewing process
review form activity is checked in created has result lower tier reviewing process
has author Senior Program Committee member summary of reviews review upper tier reviewing process activity is created in result concerned"
59,59,synset-electronic_mail-noun-1,"Person recieved by Email
Person email
Summary PERSON E-mail Email Title Paper Subject of email
remark has Title abstract contact Email Contribution Keyword",4,4,"frame:People: 3
","wn30:synset-electronic_mail-noun-1: 6
wn30:synset-person-noun-1: 3
wn30:synset-title-noun-1: 2
","wn30:synset-person-noun-1 - frame:People - frame:Entity: 3
","wn30:synset-by-adverb-1: 1
wn30:synset-abstract-adjective-1: 1
","wn30:synset-electronic_mail-noun-1: 6
","inferred_Cocus-25
inferred_cmt-220
inferred_PCS4
inferred_confOf8
","Person recieved by Email
Person email
Summary PERSON E-mail Email Title Paper Subject of email
remark has Title abstract contact Email Contribution Keyword"
60,60,synset-yield-verb-1,"Presentation is given by Active conference participant gives presentations
Session chair is given to Brief introduction for obtain
is given to Form Delegate
is given by Author give Brief introduction for Session chair
Plenary lecture speaker is given by give Tutorial
Plenary lecture speaker is given by give Tutorial",6,2,"frame:Speak_on_topic: 2
frame:Duration_attribute: 2
","wn30:synset-yield-verb-1: 10
wn30:synset-by-adverb-1: 4
","wn30:synset-brief-adjectivesatellite-1 - frame:Duration_attribute: 2
wn30:synset-lecture-noun-1 - frame:Speak_on_topic: 2
","wn30:synset-by-adverb-1: 4
","wn30:synset-yield-verb-1: 10
","inferred_conference-231
inferred_iasted46
inferred_iasted13
inferred_iasted48
inferred_iasted52
inferred_iasted53
","Presentation is given by Active conference participant gives presentations
Session chair is given to Brief introduction for obtain
is given to Form Delegate
is given by Author give Brief introduction for Session chair
Plenary lecture speaker is given by give Tutorial
Plenary lecture speaker is given by give Tutorial"
61,61,People,"Conference volume has a location Person the last name
University Scholar study At
has Member is Of attendee At Conference First Name Last Attendee Biography Person Event
has Last Name First Person Affiliation",4,4,"frame:People: 6
frame:Ordinal_numbers: 5
frame:Being_named: 3
frame:Relative_time: 3
frame:People_by_vocation: 3
frame:Referring_by_name: 3
","wn30:synset-last-adjectivesatellite-1: 3
wn30:synset-person-noun-1: 3
wn30:synset-name-noun-1: 3
wn30:synset-attendant-noun-2: 2
wn30:synset-conference-noun-1: 2
wn30:synset-first-adjective-1: 2
wn30:synset-at-noun-2: 2
","wn30:synset-person-noun-1 - frame:People - frame:Entity: 3
wn30:synset-last-adjectivesatellite-1 - frame:Relative_time - frame:Relation: 3
wn30:synset-last-adjectivesatellite-1 - frame:Ordinal_numbers: 3
wn30:synset-name-noun-1 - frame:Referring_by_name: 3
wn30:synset-name-noun-1 - frame:Being_named: 3
wn30:synset-first-adjective-1 - frame:Ordinal_numbers: 2
wn30:synset-attendant-noun-2 - frame:People_by_vocation - frame:Entity: 2
wn30:synset-conference-noun-1 - frame:Discussion - frame:Reciprocality: 2
","
","wn30:synset-at-noun-2: 2
","inferred_conference-219
inferred_confOf12
inferred_edas1
inferred_MyReview-29
","Conference volume has a location Person the last name
University Scholar study At
has Member is Of attendee At Conference First Name Last Attendee Biography Person Event
has Last Name First Person Affiliation"
62,62,synset-review-verb-1,"Review submits Paper Reviewer reviewed By is In Conflict With
Paper Review Reccommendation has
Review made by User Name Paper Reviewer has review
has Overall Paper Review Value
Long bool Paper Review is Candidate for Award appropriate length
Review Rating has Active Paper
has Review Evaluated Paper
has Review Accepted Paper Positive",8,4,"frame:Being_named: 1
frame:Duration_attribute: 1
frame:Submitting_documents: 1
frame:Hostile_encounter: 1
frame:Causation: 1
frame:Dimension: 1
frame:Cause_change: 1
frame:Usefulness: 1
frame:Referring_by_name: 1
frame:Assessing: 1
","wn30:synset-review-verb-1: 10
wn30:synset-paper-noun-1: 8
wn30:synset-by-adverb-1: 2
wn30:synset-reviewer-noun-1: 2
","wn30:synset-submit-verb-1 - frame:Submitting_documents - frame:Event: 1
wn30:synset-value-noun-1 - frame:Usefulness - frame:Attributes: 1
wn30:synset-evaluation-noun-2 - frame:Assessing - frame:Cogitation: 1
wn30:synset-long-adjective-1 - frame:Duration_attribute: 1
wn30:synset-make-verb-2 - frame:Cause_change - frame:Event: 1
wn30:synset-make-verb-2 - frame:Causation - frame:Event: 1
wn30:synset-name-noun-1 - frame:Being_named: 1
wn30:synset-name-noun-1 - frame:Referring_by_name: 1
wn30:synset-length-noun-1 - frame:Dimension: 1
wn30:synset-conflict-noun-1 - frame:Hostile_encounter - frame:Event: 1
","wn30:synset-by-adverb-1: 2
","wn30:synset-review-verb-1: 10
wn30:synset-paper-noun-1: 8
","inferred_paperdyne3
inferred_OpenConf6
inferred_OpenConf3
inferred_OpenConf4
inferred_OpenConf1
inferred_edas15
inferred_ekaw9
inferred_ekaw10
","Review submits Paper Reviewer reviewed By is In Conflict With
Paper Review Reccommendation has
Review made by User Name Paper Reviewer has review
has Overall Paper Review Value
Long bool Paper Review is Candidate for Award appropriate length
Review Rating has Active Paper
has Review Evaluated Paper
has Review Accepted Paper Positive"
63,63,Event - Locale,"location has title Working event
default Choice Social event Working
Social event location has title
Place is Location Of has Conference Event
location Of held In Event Location",5,3,"frame:Event: 5
frame:Locale: 5
frame:Social_interaction_evaluation: 2
","wn30:synset-location-noun-1: 5
wn30:synset-event-noun-1: 5
wn30:synset-title-noun-1: 2
wn30:synset-social-adjective-1: 2
","wn30:synset-event-noun-1 - frame:Event - frame:State: 5
wn30:synset-location-noun-1 - frame:Locale - frame:Locale: 5
wn30:synset-social-adjective-1 - frame:Social_interaction_evaluation - frame:Attributes: 2
","wn30:synset-in-adverb-1: 1
wn30:synset-working-adjectivesatellite-1: 1
","wn30:synset-title-noun-1: 2
","inferred_confOf7
inferred_confOf6
inferred_confOf4
inferred_edas8
inferred_ekaw15
","location has title Working event
default Choice Social event Working
Social event location has title
Place is Location Of has Conference Event
location Of held In Event Location"
64,64,synset-administrator-noun-1 - synset-generate-verb-1,"generate Report Administrator
generate Electronic proceeding Administrator",2,1,"frame:Reporting: 1
frame:Statement: 1
","wn30:synset-administrator-noun-1: 2
wn30:synset-generate-verb-1: 2
","wn30:synset-report-verb-1 - frame:Statement: 1
wn30:synset-report-verb-1 - frame:Reporting: 1
","wn30:synset-electronic-adjective-1: 1
","wn30:synset-generate-verb-1: 2
wn30:synset-administrator-noun-1: 2
","inferred_PCS3
inferred_PCS2
","generate Report Administrator
generate Electronic proceeding Administrator"
65,65,Supply,"is situated in Audiovisual equipment Listener equipped by designed for Session room
Speaker is used by Audiovisual equipment",2,1,"frame:Supply: 3
frame:Gizmo: 2
","wn30:synset-audiovisual-noun-1: 2
wn30:synset-equipment-noun-1: 2
wn30:synset-by-adverb-1: 2
","wn30:synset-equipment-noun-1 - frame:Supply - frame:Event: 2
wn30:synset-equipment-noun-1 - frame:Gizmo: 2
","wn30:synset-by-adverb-1: 2
","wn30:synset-audiovisual-noun-1: 2
","inferred_iasted33
inferred_iasted31
","is situated in Audiovisual equipment Listener equipped by designed for Session room
Speaker is used by Audiovisual equipment"
66,66,Purpose - Project,"Program Comitee Chair discusses Paper member Of Reviewer has Members head discussed By
Comments for Program Committee Paper Review Author
Program Committee member automatically assign paper Automatic Paper Assignment
Program Committee member Manual Paper Assignment manually assign paper
has author paper Program Committee Chair Contact Person is concerned notification email sent to
member Of Program Committee Member has
Conference reviews Per Paper Program Committee Member max Papers
end Review Program Committee Chair
has Member Program Committee Research Topic is Assigned By Administrator
has Member Program Committee Chair is Of
Program Committee Member has Password Email",11,5,"frame:Purpose: 11
frame:Project: 11
frame:Organization: 10
frame:Membership: 10
","wn30:synset-plan-noun-1: 11
wn30:synset-member-noun-1: 10
wn30:synset-committee-noun-1: 10
wn30:synset-paper-noun-1: 8
wn30:synset-chair-noun-1: 4
wn30:synset-delegate-verb-2: 3
wn30:synset-review-verb-1: 3
","wn30:synset-plan-noun-1 - frame:Project: 11
wn30:synset-plan-noun-1 - frame:Purpose: 11
wn30:synset-committee-noun-1 - frame:Organization - frame:Aggregate: 10
wn30:synset-member-noun-1 - frame:Membership - frame:Being_included: 10
","wn30:synset-by-adverb-1: 2
","wn30:synset-paper-noun-1: 8
wn30:synset-chair-noun-1: 4
wn30:synset-review-verb-1: 3
","inferred_paperdyne10
inferred_OpenConf2
inferred_confious-218
inferred_confious-220
inferred_confious-246
inferred_cmt-24
inferred_cmt-221
inferred_cmt-215
inferred_MyReview-219
inferred_MyReview-216
inferred_MyReview-217
","Program Comitee Chair discusses Paper member Of Reviewer has Members head discussed By
Comments for Program Committee Paper Review Author
Program Committee member automatically assign paper Automatic Paper Assignment
Program Committee member Manual Paper Assignment manually assign paper
has author paper Program Committee Chair Contact Person is concerned notification email sent to
member Of Program Committee Member has
Conference reviews Per Paper Program Committee Member max Papers
end Review Program Committee Chair
has Member Program Committee Research Topic is Assigned By Administrator
has Member Program Committee Chair is Of
Program Committee Member has Password Email"
67,67,synset-invite-verb-1,"Invited speaker talk contributes
invites co-reviewers Reviewer invited by
Contributed Talk Camera Ready Paper presentation Of",3,2,"frame:Chatting: 2
frame:Statement: 2
frame:Talking_into: 2
","wn30:synset-invite-verb-1: 3
wn30:synset-talk-verb-1: 2
wn30:synset-lend-verb-1: 2
","wn30:synset-talk-verb-1 - frame:Talking_into - frame:Event: 2
wn30:synset-talk-verb-1 - frame:Statement: 2
wn30:synset-talk-verb-1 - frame:Chatting - frame:Reciprocality: 2
","wn30:synset-by-adverb-1: 1
","wn30:synset-invite-verb-1: 3
wn30:synset-lend-verb-1: 2
","inferred_conference-232
inferred_conference-213
inferred_ekaw13
","Invited speaker talk contributes
invites co-reviewers Reviewer invited by
Contributed Talk Camera Ready Paper presentation Of"
68,68,Discussion,"has an ISBN a publisher Publisher Conference proceedings
Publisher issues Conference proceedings
has a degree Review preference volume Conference proceedings",3,1,"frame:Discussion: 3
","wn30:synset-conference-noun-1: 3
wn30:synset-publisher-noun-1: 3
wn30:synset-angstrom-noun-1: 3
wn30:synset-proceeding-noun-1: 3
","wn30:synset-conference-noun-1 - frame:Discussion - frame:Reciprocality: 3
","
","wn30:synset-publisher-noun-1: 3
wn30:synset-angstrom-noun-1: 3
wn30:synset-proceeding-noun-1: 3
","inferred_conference-222
inferred_conference-223
inferred_conference-224
","has an ISBN a publisher Publisher Conference proceedings
Publisher issues Conference proceedings
has a degree Review preference volume Conference proceedings"
69,69,synset-slot-noun-1,"Slot date
Conference Program Slot forms
Conference Program Slot consists Of",3,1,"frame:Project: 2
frame:Purpose: 2
frame:Discussion: 2
","wn30:synset-slot-noun-1: 3
wn30:synset-conference-noun-1: 2
wn30:synset-plan-noun-1: 2
","wn30:synset-plan-noun-1 - frame:Purpose: 2
wn30:synset-plan-noun-1 - frame:Project: 2
wn30:synset-conference-noun-1 - frame:Discussion - frame:Reciprocality: 2
","
","wn30:synset-slot-noun-1: 3
","inferred_MyReview-213
inferred_MyReview-212
inferred_MyReview-211
","Slot date
Conference Program Slot forms
Conference Program Slot consists Of"
70,70,Membership,"is part of conference volumes has parts Conference volume
is a date of acceptance announcement has important dates belong to conference volume Conference full paper submission Important
Activity organizes Conference Organizing Committee is Part Of
abstract has article part of
volume Contains Paper paper In Volume references technically Organised By part Of has Part referenced
Conference Session part Of Event",6,4,"frame:Membership: 7
frame:Discussion: 6
frame:Statement: 3
frame:Importance: 2
","wn30:synset-part-noun-1: 7
wn30:synset-conference-noun-1: 6
wn30:synset-volume-noun-1: 5
wn30:synset-paper-noun-1: 3
wn30:synset-date-noun-1: 2
wn30:synset-important-adjective-1: 2
wn30:synset-mention-noun-1: 2
","wn30:synset-part-noun-1 - frame:Membership - frame:Being_included: 7
wn30:synset-conference-noun-1 - frame:Discussion - frame:Reciprocality: 6
wn30:synset-mention-noun-1 - frame:Statement: 2
wn30:synset-important-adjective-1 - frame:Importance: 2
","wn30:synset-in-adverb-1: 1
wn30:synset-technically-adverb-2: 1
wn30:synset-by-adverb-1: 1
wn30:synset-abstract-adjective-1: 1
","wn30:synset-volume-noun-1: 5
wn30:synset-paper-noun-1: 3
","inferred_conference-228
inferred_conference-227
inferred_MICRO1
inferred_crs_dr2
inferred_ekaw1
inferred_ekaw17
","is part of conference volumes has parts Conference volume
is a date of acceptance announcement has important dates belong to conference volume Conference full paper submission Important
Activity organizes Conference Organizing Committee is Part Of
abstract has article part of
volume Contains Paper paper In Volume references technically Organised By part Of has Part referenced
Conference Session part Of Event"
71,71,Discussion - Time_period_of_action,"Program Comitee Chair switches Phase Of Conference Preparation
conference phase of is in",2,2,"frame:Discussion: 2
frame:Time_period_of_action: 2
","wn30:synset-conference-noun-1: 2
wn30:synset-phase-noun-1: 2
","wn30:synset-conference-noun-1 - frame:Discussion - frame:Reciprocality: 2
wn30:synset-phase-noun-1 - frame:Time_period_of_action - frame:Timespan: 2
","wn30:synset-in-adverb-1: 1
","wn30:synset-chair-noun-1: 1
wn30:synset-switch_over-verb-1: 1
wn30:synset-preparation-noun-1: 1
","inferred_paperdyne13
inferred_confious-225
","Program Comitee Chair switches Phase Of Conference Preparation
conference phase of is in"
72,72,Discussion,"Conference www has a URL
URL conference setup sets is concerned confernce
conference setup sets RPC URL Regular Reviewer
conference setup Senior Reviewer URL sets SPC
conference setup has author paper is concerned confernce Contact Person sets member CP
conference setup Contact Person URL sets CP
conference setup sets Chair URL",7,2,"frame:Discussion: 7
frame:Gizmo: 6
frame:Placing: 6
frame:Causation: 6
","wn30:synset-conference-noun-1: 7
wn30:synset-apparatus-noun-1: 6
wn30:synset-URL-noun-1: 6
wn30:synset-put-verb-1: 6
","wn30:synset-conference-noun-1 - frame:Discussion - frame:Reciprocality: 7
wn30:synset-put-verb-1 - frame:Placing - frame:Event: 6
wn30:synset-put-verb-1 - frame:Causation - frame:Event: 6
wn30:synset-apparatus-noun-1 - frame:Gizmo: 6
","wn30:synset-regular-adjective-1: 1
","wn30:synset-URL-noun-1: 6
wn30:synset-reviewer-noun-1: 2
wn30:synset-contact-noun-1: 2
","inferred_conference-221
inferred_confious-221
inferred_confious-24
inferred_confious-25
inferred_confious-245
inferred_confious-23
inferred_confious-22
","Conference www has a URL
URL conference setup sets is concerned confernce
conference setup sets RPC URL Regular Reviewer
conference setup Senior Reviewer URL sets SPC
conference setup has author paper is concerned confernce Contact Person sets member CP
conference setup Contact Person URL sets CP
conference setup sets Chair URL"
73,73,Ordinal_numbers,"has Address Person Assigned Sure Name First
has the first name Person an email
first name human e-mail last
has Street Phone First Name Email Person
has City Street Postal Code Contact Information Phone",5,5,"frame:Ordinal_numbers: 5
frame:Being_named: 4
frame:Referring_by_name: 4
frame:People: 3
frame:Roadways: 2
","wn30:synset-first-adjective-1: 4
wn30:synset-name-noun-1: 4
wn30:synset-person-noun-1: 3
wn30:synset-electronic_mail-noun-1: 3
wn30:synset-street-noun-1: 2
wn30:synset-telephone-noun-1: 2
","wn30:synset-first-adjective-1 - frame:Ordinal_numbers: 4
wn30:synset-name-noun-1 - frame:Being_named: 4
wn30:synset-name-noun-1 - frame:Referring_by_name: 4
wn30:synset-person-noun-1 - frame:People - frame:Entity: 3
wn30:synset-street-noun-1 - frame:Roadways - frame:Locale: 2
","wn30:synset-postal-adjective-1: 1
wn30:synset-human-adjective-1: 1
","wn30:synset-electronic_mail-noun-1: 3
wn30:synset-telephone-noun-1: 2
","inferred_linklings6
inferred_conference-218
inferred_confious-232
inferred_confOf1
inferred_edas2
","has Address Person Assigned Sure Name First
has the first name Person an email
first name human e-mail last
has Street Phone First Name Email Person
has City Street Postal Code Contact Information Phone"
74,74,Adjusting,adjusted By Reviewer adjust Bid,1,1,"frame:Adjusting: 2
","wn30:synset-adjust-verb-1: 2
","wn30:synset-adjust-verb-1 - frame:Adjusting - frame:Event: 2
","wn30:synset-by-adverb-1: 1
","wn30:synset-reviewer-noun-1: 1
wn30:synset-offer-verb-7: 1
","inferred_cmt-216
",adjusted By Reviewer adjust Bid
75,75,Statement,"assigned By views covered coauthors With covers has Conflict Type judges contains assigns proposes member Of speaks Members manages organised submitted relates is In submits spoken organises conflict Viewed block Assigning To Reviewer visible created cooperates creates managed proposed
proposes views Main Author Proposed Conflict proposed By
Main Author Co- coauthors With
proposed By Hidden Conflict Program Comitee Chair
has Preferred Topic Research Main Paper Reviewer Secondary",5,2,"frame:Statement: 8
frame:Hostile_encounter: 4
frame:First_rank: 3
frame:Range: 3
frame:Importance: 3
frame:Appointing: 3
frame:Expertise: 3
","wn30:synset-propose-verb-1: 6
wn30:synset-conflict-noun-1: 4
wn30:synset-chief-adjectivesatellite-1: 3
wn30:synset-by-adverb-1: 3
wn30:synset-delegate-verb-2: 3
wn30:synset-position-noun-3: 3
wn30:synset-make-verb-3: 2
wn30:synset-member-noun-1: 2
wn30:synset-organize-verb-4: 2
wn30:synset-pull_off-verb-3: 2
wn30:synset-talk-verb-2: 2
wn30:synset-submit-verb-1: 2
wn30:synset-cover-verb-1: 2
wn30:synset-coauthor-noun-1: 2
wn30:synset-writer-noun-1: 2
wn30:synset-reviewer-noun-1: 2
","wn30:synset-propose-verb-1 - frame:Statement: 6
wn30:synset-conflict-noun-1 - frame:Hostile_encounter - frame:Event: 4
wn30:synset-delegate-verb-2 - frame:Appointing - frame:Event: 3
wn30:synset-chief-adjectivesatellite-1 - frame:Importance: 3
wn30:synset-position-noun-3 - frame:Range: 3
wn30:synset-chief-adjectivesatellite-1 - frame:First_rank: 3
wn30:synset-chief-adjectivesatellite-1 - frame:Expertise - frame:Attributes: 3
wn30:synset-make-verb-3 - frame:Coming_up_with: 2
wn30:synset-pull_off-verb-3 - frame:Operating_a_system - frame:Event: 2
wn30:synset-cover-verb-1 - frame:Filling - frame:Event: 2
wn30:synset-submit-verb-1 - frame:Submitting_documents - frame:Event: 2
wn30:synset-make-verb-3 - frame:Intentionally_create - frame:Event: 2
wn30:synset-make-verb-3 - frame:Cause_to_start - frame:Event: 2
wn30:synset-make-verb-3 - frame:Creating - frame:Event: 2
wn30:synset-pull_off-verb-3 - frame:Successful_action: 2
wn30:synset-pull_off-verb-3 - frame:Success_or_failure: 2
wn30:synset-talk-verb-2 - frame:Statement: 2
wn30:synset-talk-verb-2 - frame:Text_creation - frame:Event: 2
wn30:synset-make-verb-3 - frame:Building - frame:Event: 2
wn30:synset-member-noun-1 - frame:Membership - frame:Being_included: 2
wn30:synset-cover-verb-1 - frame:Adorning: 2
wn30:synset-talk-verb-2 - frame:Communication_manner - frame:Event: 2
","wn30:synset-by-adverb-1: 3
","wn30:synset-writer-noun-1: 2
wn30:synset-reviewer-noun-1: 2
wn30:synset-organize-verb-4: 2
wn30:synset-coauthor-noun-1: 2
","inferred_paperdyne8
inferred_paperdyne15
inferred_paperdyne16
inferred_paperdyne12
inferred_MyReview-218
","assigned By views covered coauthors With covers has Conflict Type judges contains assigns proposes member Of speaks Members manages organised submitted relates is In submits spoken organises conflict Viewed block Assigning To Reviewer visible created cooperates creates managed proposed
proposes views Main Author Proposed Conflict proposed By
Main Author Co- coauthors With
proposed By Hidden Conflict Program Comitee Chair
has Preferred Topic Research Main Paper Reviewer Secondary"
76,76,Relative_time,"Participant early Registration
Deadline for notification of acceptance is sent after Author information form
is held before Activity Time go through Item after
is sent before present Item Time Person after",4,2,"frame:Relative_time: 6
frame:Time_vector: 4
frame:Timespan: 2
frame:Event_instance: 2
frame:Location_in_time: 2
frame:Causation: 2
frame:Sending: 2
","wn30:synset-subsequently-adverb-1: 3
wn30:synset-time-noun-1: 2
wn30:synset-earlier-adverb-1: 2
wn30:synset-item-noun-1: 2
wn30:synset-send-verb-1: 2
","wn30:synset-subsequently-adverb-1 - frame:Relative_time - frame:Relation: 3
wn30:synset-subsequently-adverb-1 - frame:Time_vector - frame:Relation: 3
wn30:synset-time-noun-1 - frame:Timespan: 2
wn30:synset-time-noun-1 - frame:Location_in_time: 2
wn30:synset-earlier-adverb-1 - frame:Relative_time - frame:Relation: 2
wn30:synset-send-verb-1 - frame:Causation - frame:Event: 2
wn30:synset-send-verb-1 - frame:Sending: 2
wn30:synset-time-noun-1 - frame:Event_instance - frame:Instance: 2
","wn30:synset-through-adverb-1: 1
","wn30:synset-item-noun-1: 2
","inferred_confOf13
inferred_iasted81
inferred_iasted19
inferred_iasted18
","Participant early Registration
Deadline for notification of acceptance is sent after Author information form
is held before Activity Time go through Item after
is sent before present Item Time Person after"
77,77,Topic,"has Topic deals With Contribution Working event
reviewes Member PC Topic Contribution expert On",2,1,"frame:Topic: 3
frame:Giving: 2
","wn30:synset-contribution-noun-2: 2
wn30:synset-subject-noun-1: 2
","wn30:synset-contribution-noun-2 - frame:Giving - frame:Lose_possession_scenario: 2
wn30:synset-subject-noun-1 - frame:Topic: 2
","wn30:synset-along-adverb-1: 1
","wn30:synset-personal_computer-noun-1: 1
","inferred_confOf11
inferred_confOf10
","has Topic deals With Contribution Working event
reviewes Member PC Topic Contribution expert On"
78,78,synset-review-verb-1,"has a review Reviewer authors Reviewed contribution Review
Reviewer belongs to a review reference Review preference Topic reviewers
Reviewer has a review expertise Submitted contribution Review belongs to reviewers
has contributions Conference contribution volume
Review Reviewed contribution reviews
Primary Reviewer Review assign review
Reviewer is Review History Of has Personal
Review Reviewer is writen by give",8,4,"frame:Giving: 5
frame:Possession: 2
","wn30:synset-review-verb-1: 14
wn30:synset-reviewer-noun-1: 8
wn30:synset-contribution-noun-2: 5
wn30:synset-angstrom-noun-1: 3
","wn30:synset-contribution-noun-2 - frame:Giving - frame:Lose_possession_scenario: 5
wn30:synset-belong-verb-1 - frame:Possession: 2
","wn30:synset-personal-adjective-1: 1
wn30:synset-by-adverb-1: 1
wn30:synset-primary-adjective-1: 1
","wn30:synset-review-verb-1: 14
wn30:synset-reviewer-noun-1: 8
","inferred_conference-29
inferred_conference-225
inferred_conference-211
inferred_conference-21
inferred_conference-210
inferred_PCS9
inferred_edas19
inferred_iasted75
","has a review Reviewer authors Reviewed contribution Review
Reviewer belongs to a review reference Review preference Topic reviewers
Reviewer has a review expertise Submitted contribution Review belongs to reviewers
has contributions Conference contribution volume
Review Reviewed contribution reviews
Primary Reviewer Review assign review
Reviewer is Review History Of has Personal
Review Reviewer is writen by give"
79,79,Expectation - Intentionally_act - Opinion - Attending - Discussion - Request,Activity expected Attendance Conference annual Order,1,1,"frame:Expectation: 1
frame:Intentionally_act: 1
frame:Opinion: 1
frame:Attending: 1
frame:Discussion: 1
frame:Request: 1
","wn30:synset-order-verb-1: 1
wn30:synset-conference-noun-1: 1
wn30:synset-annual-adjective-1: 1
wn30:synset-expect-verb-1: 1
wn30:synset-activity-noun-1: 1
wn30:synset-attendance-noun-1: 1
","wn30:synset-expect-verb-1 - frame:Expectation - frame:Mental_activity: 1
wn30:synset-activity-noun-1 - frame:Intentionally_act - frame:Event: 1
wn30:synset-conference-noun-1 - frame:Discussion - frame:Reciprocality: 1
wn30:synset-expect-verb-1 - frame:Opinion: 1
wn30:synset-attendance-noun-1 - frame:Attending - frame:Event: 1
wn30:synset-order-verb-1 - frame:Request - frame:Request: 1
","wn30:synset-annual-adjective-1: 1
","
","inferred_MICRO6
",Activity expected Attendance Conference annual Order
80,80,Categorization - Text,"Paper Review has Categorization
review gives classification article
Co-author co-write Paper has",3,3,"frame:Categorization: 2
frame:Text: 2
","wn30:synset-review-verb-1: 2
wn30:synset-categorization-noun-3: 2
","wn30:synset-categorization-noun-3 - frame:Categorization: 2
","
","wn30:synset-review-verb-1: 2
","inferred_OpenConf5
inferred_confious-216
inferred_cmt-28
","Paper Review has Categorization
review gives classification article
Co-author co-write Paper has"
